item_id;vectors
0;-0.13715269|0.08344199|0.08335791|0.039756|-0.09351961|0.048700184|0.029930798|0.18856764|-0.024659872|0.01953831|0.11772374|0.1526923|0.1381584|-0.0768578|0.13182947|0.14239264|0.1134302|-0.034040503|0.045907065|0.03385074|0.0102021955|-0.10850659|0.06318401|0.08652923|0.1261074|0.16209443|0.0835625|-0.0072983205|0.1629672|0.11350975|-0.036580704|0.13892815|-0.18240988|-0.09541939|-0.106043115|-0.08788904|-0.059960455|-0.1452651|0.14023916|-0.12234069|0.13034782|-0.14312717|0.049527362|0.031949636|0.009470437|0.13225596|-0.092568636|-0.1228943|-0.15285985|0.13946515|0.08222144|0.034693785|-0.07024167|0.08224875|-0.034769658|0.16994086|-0.14122197|0.12205896|-0.1311647|0.08630482|-0.12110864|-0.058454603|0.11005077|-0.08092836|0.047858134|-0.122568116|-0.09229618|0.11573157|-0.08609843|0.06950421|0.03114156|-0.0863342|-0.084194526|0.07301053|-0.18992054|0.15477306|-0.13383733|0.08395719|0.1399097|-0.10831878|-0.032600187|0.097475946|0.063187115|0.09743052|-0.09241513|-0.004061654|-0.074906334|0.13430607|-0.17730424|0.18082826|0.09848758|0.08593142|-0.17408574|-0.09743714|-0.18009272|0.01413786|-0.15767355|-0.0043229223|0.088513516|-0.04208803
1;-0.14218593|0.03213367|0.04190905|0.03301658|-0.04507082|-0.013437968|0.073423125|0.039802384|-0.04232829|0.106701165|0.10164535|0.12969662|0.11101148|-0.11041963|0.11881365|0.07239718|0.114408806|0.06080062|0.05733356|0.0969152|-0.060350478|-0.024422787|0.08227648|0.13298401|0.014997289|0.11836007|0.10372816|0.05285938|0.043285403|0.13924329|-0.07408508|0.14370945|-0.10354985|-0.083446965|-0.093444504|-0.11860928|-0.021324016|-0.09390767|0.07056938|-0.05228466|0.1447174|-0.12550725|0.0845328|0.10148306|0.03464701|0.08156685|-0.03537973|-0.0831168|-0.09270533|0.048895665|-0.0068072863|0.024827424|-0.10078114|0.119031526|-0.046988167|0.07695253|-0.144104|0.112832986|-0.076040335|0.029702913|-0.0976094|-0.070493594|0.11870283|-0.06132297|0.008811168|-0.106111184|-0.16112363|0.08029048|-0.11956834|0.04614227|-0.025562998|-0.034175552|-0.039140075|0.009667039|-0.09032996|0.07478403|-0.05910387|0.07351414|0.094336785|-0.10282339|-0.012123355|0.048260115|0.0061976686|0.057656467|-0.096672766|0.014460631|-0.07518023|0.10943279|-0.04987177|0.05302814|0.12342779|0.12353268|-0.0251429|-0.099704504|-0.12599821|-0.004283704|-0.00169909|-0.025651094|0.13045451|-0.10297261
2;-0.100669205|0.13186002|0.034229517|0.0796813|-0.028210115|-0.028585061|0.06411001|0.1309822|-0.040378775|0.06858533|0.008647125|0.09890084|0.14968613|-0.044152394|0.05148437|0.1183877|0.10753233|0.04053166|0.06701568|0.077934146|-0.06862256|-0.0653784|0.100371405|0.033657048|0.0026082583|0.034566496|0.03253881|0.008810006|0.11862165|0.01837954|-0.029567197|0.060841672|-0.097658426|-0.05827367|-0.052187003|-0.14351581|-0.09891465|-0.058439232|0.056111336|-0.040364552|0.106740214|-0.08228274|0.11749065|0.041476868|0.06522031|0.087134585|-0.15065299|-0.071804|-0.106688626|0.0076763816|0.025341876|0.08060965|-0.14212385|0.041267972|-0.047915697|0.054158326|-0.13694702|0.1270778|-0.011310294|0.016342774|-0.14420831|-0.036649898|0.103634015|-0.01221101|0.044647865|-0.060380895|-0.12134097|0.044393584|-0.05654084|0.12277|0.052650683|-0.09632261|-0.1011383|0.094049215|-0.042349845|0.10326704|-0.03854225|0.12676685|0.109320104|-0.12658598|-0.08423736|-0.0049155056|0.06265055|0.04766176|-0.074237555|0.013118766|-0.06542131|0.05069544|-0.078426026|0.09670224|0.12171148|-0.017591167|-0.08389279|-0.03269318|-0.13068528|0.03162207|-0.0857586|0.019854456|0.105299994|-0.050138757
3;-0.042345937|0.10035601|0.059881214|0.030796085|-0.08323473|0.06371327|0.036470484|0.050513387|-0.007923877|0.03879401|0.03627593|0.08991402|0.041647635|-0.04956861|0.09216757|0.053910613|0.0863522|0.003879884|0.1302405|0.054372415|-0.010857558|-0.07217669|0.100565426|0.077928916|0.030554553|0.027057637|0.067499846|0.03700562|0.0636009|0.035802316|2.4434179e-05|0.0404104|-0.1255073|-0.08226146|-0.045485903|-0.020401262|-0.07265543|-0.11794765|0.11734295|-0.100755714|0.12686151|-0.038497847|0.031882208|0.062420998|0.06904617|0.017616834|-0.066289544|-0.04061196|-0.031758092|0.027271692|0.03402385|0.023004677|-0.027251262|0.09125661|-0.07145763|0.13747762|-0.103038125|0.031552136|-0.07070188|0.02362148|-0.13041246|-0.090047136|0.038623627|-0.10628839|0.10188459|-0.09762967|-0.0660863|0.041569166|-0.09289478|0.082673565|0.008956619|-0.11378466|-0.04768438|0.019438997|-0.10489054|0.115562424|-0.070453525|0.10960713|0.0346174|-0.09806133|-0.05137894|0.058958195|0.06887147|0.08142701|-0.14760996|0.014516406|-0.05315329|0.056094103|-0.08141936|0.09105942|0.06452376|0.11630112|-0.032538116|-0.029666774|-0.043241143|-0.0040639117|-0.07330306|-0.043205693|0.05162064|-0.08245671
4;-0.12448968|0.12795356|0.13855565|0.06697016|-0.09180519|0.026951311|0.0080347005|0.110543564|0.05282418|0.07647638|0.041337952|0.06518082|0.07941209|-0.031660214|0.12527053|0.08096306|0.11723663|-0.04426227|0.11365111|0.10662438|-0.049493723|-0.044803288|0.058339827|0.07200679|0.05626922|0.069714405|0.069124736|-0.00244838|0.077169135|0.10326299|-0.04117743|0.055052053|-0.06556339|-0.10505672|-0.052545715|-0.10784185|-0.047348455|-0.08935138|0.037771735|-0.057169586|0.12304819|-0.120181024|0.021705158|0.067558415|0.07012598|0.10696325|-0.08316484|-0.043923423|-0.11515357|0.10846926|0.1173444|0.07161224|-0.024257142|0.055631924|-0.056192555|0.07574369|-0.049541287|0.042958368|-0.008278273|0.08674737|-0.08922069|-0.09123372|0.13618714|-0.025015652|0.008308649|-0.10731155|-0.085900515|0.044954468|-0.11172014|0.105657496|0.010205068|-0.052150533|-0.1432527|0.10811591|-0.059039216|0.08729611|-0.102764465|0.10957301|0.020651136|-0.07508762|0.0028090775|0.107997864|-0.005917009|0.03917131|-0.068308696|-0.040654927|-0.08363981|0.072314076|-0.036964525|0.08807822|0.15640926|0.098310746|-0.077812254|-0.116273|-0.0939764|0.06352516|-0.113584295|-0.031562593|0.10611896|-0.073035315
5;-0.045623783|0.1386593|0.09015059|-0.006979294|-0.11392972|-0.014835797|0.07667887|0.12556008|0.019688979|0.08486916|0.024198133|0.0305462|0.14270234|-0.1107651|0.1372655|0.021684028|0.14452031|-0.030195061|0.064637095|0.017820396|0.005110845|-0.01620134|0.034272276|0.086156495|0.033857517|0.12119033|0.12310828|0.0068843253|0.04265482|0.045226198|-0.029540304|0.10466917|-0.08612969|-0.061673414|0.0063587576|-0.11959044|-0.051465295|-0.09274577|0.110552445|-0.07501058|0.1258099|-0.10890681|0.120393574|0.016232561|0.05580709|0.09574242|-0.1308274|-0.05976029|-0.036967|0.048341706|0.00990754|0.0788612|-0.09806538|0.09287028|-0.0026807673|0.03440775|-0.14105055|0.14819829|-0.10184008|0.055210978|-0.07995313|-0.102187455|0.04231284|-0.10720077|0.106200844|-0.14787614|-0.0947645|0.017937608|-0.13234946|0.12555009|0.001259055|-0.010056868|-0.09795576|0.0411321|-0.08637633|0.037708264|-0.049500003|0.0907533|0.10838386|-0.044914566|0.0008938238|-0.023753315|0.056026332|0.12482944|-0.1468174|-0.086226285|-0.026011385|0.055579692|-0.0062290207|0.054896303|0.067722335|0.07894185|-0.12592375|-0.06089378|-0.08331569|0.08515643|-0.093367115|-0.00028679473|0.10740549|-0.042473678
6;-0.08257311|0.08531896|0.1250653|0.081636384|-0.12150269|0.039550528|0.03193588|0.17273325|0.06846976|0.104591|0.0204602|0.13084845|0.109691046|-0.050600365|0.09066436|0.16945326|0.15574762|0.04218051|0.039333172|0.045831863|0.056015|-0.023586566|0.040744744|0.054173797|0.061001796|0.14298466|0.053981286|0.002002351|0.16223145|0.07819508|-0.012208488|0.11221179|-0.16493618|-0.08204077|-0.031518333|-0.15232971|-0.03339628|-0.14857532|0.07347912|-0.12126519|0.053686254|-0.08309082|0.10695704|0.002234716|0.028276762|0.06947042|-0.061081126|-0.038429208|-0.058961064|0.05937656|0.11944574|-0.01370734|-0.11285494|0.16382673|-0.012984389|0.110347494|-0.11633825|0.13110647|-0.13801295|0.08957938|-0.09464882|-0.14352034|0.09616476|-0.12344508|0.07330658|-0.13809156|-0.14070167|0.14406812|-0.069935024|0.13522407|0.043010976|-0.10107062|-0.08949902|0.12366415|-0.14899418|0.1368653|-0.10203614|0.12644085|0.12087816|-0.14066759|-0.02656369|0.05472562|0.08145589|0.045442563|-0.11052037|-0.012955178|-0.08889485|0.050441746|-0.15540668|0.12412448|0.07435758|0.12514548|-0.08790086|-0.04006934|-0.15173617|0.12004748|-0.05026909|0.02684591|0.09993177|-0.089077115
7;-0.05382125|0.08435256|0.058869127|0.048166748|-0.078353256|0.034296732|0.003886547|0.046913426|0.016319267|0.015125055|0.00875698|0.069390975|0.114851795|-0.045531616|0.16071689|0.08546713|0.08713154|0.01592763|0.031230584|0.12731692|-0.08191304|-0.06662592|0.068335705|0.09130022|0.072087064|0.07568493|0.116295405|0.0444477|0.04682148|0.13328716|-0.105640575|0.087776825|-0.052697215|-0.09530705|-0.019287396|-0.06324847|-0.035560835|-0.056297883|0.043521207|-0.12006436|0.10191711|-0.07280941|0.014850676|0.052417517|0.095735565|0.0736055|-0.04288058|-0.031494804|-0.14789625|0.0081114285|0.09323269|0.010926198|-0.061770253|0.19010814|-0.027474103|0.1272183|-0.057063483|0.053349|-0.103835866|0.057494815|-0.13281476|-0.05361637|0.104214944|-0.051954225|0.07915357|-0.11666263|-0.07085055|0.0808091|-0.12890366|0.06928577|-0.001993157|-0.09755332|-0.11815951|0.056441933|-0.16279519|0.07081824|-0.10725056|0.12591119|0.078741945|-0.092494056|0.06924583|0.05519786|0.035609253|0.051146828|-0.06562531|-0.03754143|-0.036715727|0.09132025|-0.05507148|0.08126925|0.1431694|0.051621787|-0.067175314|-0.06282033|-0.07460845|-0.003991302|-0.06131531|-0.02248314|0.12629256|-0.08672297
8;-0.13863796|0.18736362|0.13464454|0.03141033|-0.123175874|0.007142905|0.05188466|0.11995085|0.030963514|-0.023639973|0.042011708|0.075724296|0.13640608|-0.1409033|0.07600018|0.14925386|0.11046204|0.012317844|0.09232313|0.020387173|-0.079811096|-0.09255095|0.06620547|0.12841985|0.03620603|0.06877471|0.14245817|0.0733653|0.13539614|0.071913116|-0.0699312|0.092717215|-0.14613207|-0.11731887|-0.11052022|-0.07921498|-0.10523741|-0.14473857|0.051620863|-0.10618469|0.095380574|-0.1343962|0.03671152|0.0047888793|0.12432356|0.043213576|-0.14455573|-0.0067809448|-0.07906564|0.07019964|0.06574364|0.040226135|-0.14584434|0.14203641|-0.00071406364|0.09130006|-0.10178867|0.111931756|-0.10723872|0.07953044|-0.10207687|-0.10360949|0.09968595|-0.10395174|0.04118127|-0.09555373|-0.12851448|0.09336412|-0.13404219|0.048064638|0.11202884|-0.09200394|-0.06361665|0.05597639|-0.17680335|0.04181473|-0.08680635|0.0969849|0.1415208|-0.1922243|-0.034622062|0.022042403|-0.0036201738|0.14305443|-0.11178393|-0.028662058|-0.0692053|0.12239026|-0.100369334|0.11563556|0.108846456|0.068451546|-0.16872537|-0.13375589|-0.17201522|0.027758159|-0.11182014|0.008583341|0.12813963|-0.12645712
9;-0.12318085|0.050036162|0.039867233|0.008752726|-0.10820626|0.05753813|0.06808823|0.10587007|-0.02646242|0.09749949|0.10995953|0.048511773|0.073412426|-0.07113468|0.04798705|0.045966685|0.11686523|0.0056094835|0.095270455|0.017235748|0.019545797|-0.028694242|0.12880924|0.026662938|0.05886879|0.106252104|0.09628001|0.06959372|0.09925487|0.14632417|-0.021184295|0.005970672|-0.024676926|-0.039964646|-0.072507076|-0.032052122|-0.07015435|-0.14382626|0.081696294|-0.05284521|0.05690957|-0.05364658|0.06979688|0.044956163|-0.003534574|0.10830295|-0.025613047|-0.0016517006|-0.12831533|0.027025897|0.061874077|0.0076910667|-0.08500841|0.14729458|-0.06793131|0.06419336|-0.028167881|0.06378403|-0.030757312|0.064846314|-0.11459702|-0.05932338|0.106101125|-0.07489215|0.06200638|-0.14203776|-0.11583831|0.07349117|-0.08607055|0.05394731|0.0066706613|-0.0009909347|-0.026387997|0.05853885|-0.069791414|0.08123751|-0.121134356|0.05279328|0.049299203|-0.12130562|-0.039494395|0.038717657|0.05326443|0.06239276|-0.077001505|0.0033397079|-0.045091964|0.05111091|-0.07141407|0.12471683|0.11031596|0.05292738|-0.08849125|-0.10298001|-0.07450156|0.055004124|-0.099877656|0.0058382396|0.14812453|-0.06969643
10;-0.114062056|0.1123064|0.13135725|0.017236505|-0.06384508|0.06929279|0.043087374|0.045127343|0.015894359|0.044938434|0.0040570833|0.12998106|0.12713733|-0.02263838|0.035615582|0.1061863|0.14024355|-0.029301114|0.09985055|0.0550728|0.030332081|-0.061344475|0.02604647|0.14505687|0.07341525|0.09326179|0.06548003|0.0725933|0.13369964|0.067132905|-0.01811137|0.07418531|-0.088194445|0.023337536|-0.07778476|-0.095348015|-0.030908696|-0.0924578|0.114360526|-0.09799059|0.048551224|-0.037787616|0.12441614|0.091464|0.09744434|0.040455863|-0.10996965|-0.06742529|-0.12262738|0.015749622|0.020141471|0.07317927|-0.04695169|0.05071717|-0.038372338|0.06677723|-0.09694021|0.107802995|-0.038850762|0.02110577|-0.13984662|-0.07186101|0.1196705|-0.036286313|0.08500338|-0.057090383|-0.085169576|0.025805987|-0.071645856|0.063412905|0.0727976|-0.048524655|-0.11875279|0.10313653|-0.15162408|0.03553442|-0.012764022|0.13334236|0.04802165|-0.14206979|-0.0354048|0.011747733|0.05929914|0.0653701|-0.056895476|-0.09042322|-0.091292955|0.12894012|-0.019304372|0.104258515|0.1326497|0.055323903|-0.05905013|-0.12836906|-0.15502606|0.048546277|-0.108427|0.0313815|0.09815908|-0.05129884
11;-0.09433752|0.15186307|0.13805422|0.026934586|-0.13287957|0.037385423|0.017878288|0.14510994|0.015480319|0.07871255|0.083324686|0.026225537|0.13959089|-0.11378079|0.079671465|0.10381099|0.1416525|0.007657674|0.07606529|0.024267096|-0.06030103|-0.08994208|0.09456613|0.12704039|0.048302002|0.047952123|0.019878965|0.0956904|0.143796|0.12953933|-0.028672839|0.097589485|-0.16485554|-0.037146695|-0.116278134|-0.13079911|-0.039864488|-0.13948348|0.12924236|-0.1309431|0.14838731|-0.09213709|0.020801637|0.0009576306|0.11075143|0.051542744|-0.043522768|-0.037858296|-0.08966201|0.044377662|0.037095137|0.09186739|-0.12136704|0.16468352|-0.07649876|0.11090628|-0.07172738|0.124527395|-0.15399323|0.05414176|-0.096024014|-0.09696203|0.13141936|-0.02800792|0.110365346|-0.098189265|-0.1182932|0.03595629|-0.13803414|0.087165415|0.088523194|-0.05613728|-0.067099646|0.1114336|-0.10255864|0.03661242|-0.016460158|0.14741354|0.03840902|-0.110836245|0.014564805|0.097055376|0.075809196|0.11098873|-0.15096217|-0.04769469|-0.095885545|0.089543924|-0.014178537|0.16263847|0.10169594|0.058014598|-0.16808453|-0.11876979|-0.090117835|0.08138581|-0.11040443|0.015473998|0.15018705|-0.048311733
12;-0.13563025|0.13041818|0.09737995|0.039057497|-0.13143711|0.03011566|0.097007304|0.1392243|0.031029392|0.025720272|0.03191058|0.13494909|0.118455544|-0.040450502|0.08711441|0.079518676|0.14153476|0.014736933|0.104779|0.049677595|-0.025567545|-0.015358515|0.025585357|0.043030575|0.024578732|0.10243317|0.14798635|0.042268068|0.044680078|0.12175148|0.0019114241|0.05967946|-0.07421083|-0.060086533|-0.10409184|-0.09210875|-0.07129883|-0.093493074|0.024697058|-0.1252993|0.0737474|-0.093357325|0.097169235|0.034029283|0.006817229|0.04542095|-0.09198596|-0.12764123|-0.12490469|0.092848025|0.028674757|0.032688636|-0.047385655|0.15349895|-0.096019715|0.11186606|-0.13704428|0.11674764|-0.062267356|0.05617051|-0.11748269|-0.16380262|0.07313011|-0.0562445|0.1010378|-0.06021659|-0.141337|0.046143025|-0.10728137|0.10338571|0.026301995|-0.051165756|-0.09837332|0.09939693|-0.16556258|0.09031276|-0.033536322|0.16774249|0.05867184|-0.18582192|-0.022690658|0.02471975|0.051191345|0.050278373|-0.08035277|0.0037511773|-0.05074697|0.12586743|-0.06105335|0.123917624|0.12810445|0.00619296|-0.0964714|-0.07147966|-0.0852598|0.061274096|-0.023427144|0.030023184|0.07902889|-0.005952902
13;-0.10263984|0.1316022|0.07392499|-0.010171279|-0.12411964|0.029784992|-0.008765824|0.11596432|0.040330887|0.02767778|0.056898743|0.07791047|0.043775406|-0.07921801|0.1461019|0.13270913|0.11152514|-0.021652287|0.10793559|0.07795367|0.002745904|-0.106864445|0.08825361|0.07322209|0.12282552|0.12486419|0.030734569|-0.009282324|0.077188544|0.13405496|-0.07154775|0.03725002|-0.090425335|-0.07345358|0.01086868|-0.084035665|-0.020969119|-0.1618946|0.06693584|-0.095750615|0.109557986|-0.060659673|0.12083799|0.0482974|0.03404223|0.07776332|-0.092203|0.0047275797|-0.09905015|0.06717574|0.041953098|0.10375324|-0.045039974|0.11310673|-0.045054477|0.081381306|-0.06688291|0.080948465|-0.09739867|0.068105765|-0.15119529|-0.14480236|0.11752111|-0.07754057|0.11692271|-0.0881525|-0.1493836|0.08675212|-0.08368424|0.06807679|0.054290235|-0.036448754|-0.054557122|0.10034768|-0.14269793|0.07216902|-0.02765578|0.17049035|0.119821325|-0.11271782|-0.060496744|0.070555486|-0.008037012|0.12638105|-0.077264555|-0.094445154|-0.121358156|0.11171348|-0.11832568|0.09718257|0.07973818|0.07570834|-0.09984814|-0.16542967|-0.07362|0.017166559|-0.08907091|-0.019086715|0.10733753|-0.026639342
14;-0.13992606|0.119015634|0.16068122|0.098048225|-0.13395472|0.11700219|0.047805935|0.17251596|-0.010642363|0.08942944|0.08061174|0.13300613|0.089939766|-0.092277296|0.06184014|0.17439118|0.14156055|-0.063869454|0.054871842|0.12922128|-0.05121638|-0.06986764|0.13782562|0.07943185|0.0382828|0.07434052|0.10098899|0.03833511|0.14794281|0.13461462|-0.106397435|0.13237882|-0.12370904|-0.097827494|-0.080471|-0.16593944|-0.11601132|-0.16665432|0.06523016|-0.1247022|0.10870861|-0.13547595|0.06191189|0.12104736|0.10850348|0.08405915|-0.08955559|-0.0835471|-0.09223248|0.094557256|0.018241886|0.035689816|-0.10853926|0.19627076|-0.011496427|0.13678165|-0.14402851|0.16701278|-0.15476052|0.10093487|-0.14315139|-0.16641554|0.0472925|-0.093175694|0.10276079|-0.08278791|-0.12637879|0.1371098|-0.069831334|0.11186806|0.00811417|-0.13965045|-0.044068757|0.072356395|-0.10958538|0.16125004|-0.07619496|0.13515027|0.117043406|-0.12281832|-0.08661945|0.04562881|0.072245896|0.05973222|-0.10902982|-0.003260661|-0.14984126|0.16210078|-0.106817186|0.19021972|0.10844152|0.029503955|-0.18229872|-0.091272615|-0.10592851|0.077274986|-0.055418637|0.05990214|0.17750198|-0.06250175
15;-0.08877113|0.09565741|0.12300148|0.046286143|-0.093029015|-0.015452638|0.08647358|0.0635246|0.07010879|-0.0116112195|0.083548054|0.07594049|0.05796211|-0.09936343|0.043598127|0.14955688|0.09117114|-0.009686588|0.027541708|0.07623534|-0.063619114|0.011759803|0.034325447|0.111534424|0.055940654|0.14684364|0.03939879|0.065144226|0.124152884|0.1476382|-0.095210835|0.036387607|-0.10794024|-0.06682453|-0.08725748|-0.11195313|-0.052001964|-0.102865614|0.09708419|-0.14207941|0.11898838|-0.024075076|0.034617905|0.05906764|0.048242606|0.09207157|-0.08098578|-0.039847784|-0.13583755|0.07998705|0.08786368|0.041423216|-0.08241667|0.08370107|0.009269323|0.1312754|-0.09013261|0.058701824|-0.07417163|0.054557305|-0.08702687|-0.1324306|0.06075376|-0.12103817|0.061063346|-0.05494519|-0.048204362|0.034776375|-0.081907265|0.04974635|0.065059416|-0.046802264|-0.053401317|0.120015845|-0.14117569|0.023037542|-0.093327545|0.12874098|0.018842738|-0.05806908|-0.0757764|-0.008195922|0.06871225|0.08856324|-0.05662457|-0.061792076|-0.0720219|0.048088145|0.0021714047|0.11185347|0.10296963|0.008956321|-0.08654612|-0.13703662|-0.13970333|0.014318876|-0.10863746|0.054467577|0.054636925|-0.069918536
16;-0.12018656|0.051651504|0.032075204|0.02547623|-0.12672281|0.050544806|0.009635476|0.068271734|0.004971021|0.09630947|0.1104221|0.04255194|0.12823355|-0.07860699|0.095880054|0.03890111|0.12446432|0.045700468|0.07997502|0.06915517|-0.07497411|-0.011469953|0.13393945|0.03680554|0.086287804|0.032669216|0.0995345|0.0021319091|0.06258629|0.03832324|-0.070621155|0.12656254|-0.0772093|0.00038278103|-0.08969325|-0.10895967|-0.11693542|-0.110709265|0.1321423|-0.09374406|0.079307094|-0.022643797|0.094070934|0.047876406|0.05098296|0.11942661|-0.058355413|-0.09486927|-0.10638896|-0.007818468|0.06922409|0.05885747|-0.107581265|0.06814361|-0.041226514|0.11774419|-0.0874837|0.069915816|-0.102415666|0.051567078|-0.1182058|-0.084376186|0.12696123|-0.12776136|0.05310462|-0.07777252|-0.15209222|0.11603593|-0.049650304|0.08210807|0.060587034|-0.105332434|-0.047541156|0.045660727|-0.048392586|0.05872125|-0.05288984|0.03510204|0.087815665|-0.072848335|0.014885768|0.052418806|0.040088166|0.047222946|-0.105287366|-0.025258858|-0.06380637|0.05450978|-0.08694868|0.13469793|0.0684637|0.025644332|-0.15921208|0.000365898|-0.03463658|0.05251253|-0.072174296|0.034787722|0.105240904|-0.085288286
17;-0.09582188|0.1633645|0.12424001|0.0135758|-0.12314555|0.08369609|0.06915198|0.046869088|0.06588267|0.032458384|0.042007603|0.030380074|0.13329312|-0.057979837|0.027282756|0.12504065|0.1320225|-0.01561807|0.10930447|0.116552874|-0.032773416|-0.060812045|0.13822083|0.059838787|0.014333501|0.07359052|0.089786746|0.06999515|0.05801035|0.074924484|-0.07928048|0.065217204|-0.048876178|-0.052710302|-0.017841026|-0.039859615|-0.06976698|-0.04270538|0.0345381|-0.059903003|0.04603594|-0.10831823|0.056013815|0.11389524|-0.0014835633|0.082978964|-0.10274473|-0.0424432|-0.07118069|0.09636237|0.09527703|0.074243054|-0.07158225|0.08707549|-0.026904438|0.1333853|-0.114682384|0.044383846|-0.07758735|0.015924674|-0.10364209|-0.076465435|0.117295966|-0.075000875|0.086557396|-0.08295046|-0.13960364|0.047469225|-0.053724267|0.11234849|0.058169108|-0.114826836|-0.10118223|0.015285663|-0.08152685|0.1257339|-0.00830216|0.11323731|0.12573925|-0.13216355|-0.03394104|-0.0055322237|0.05402548|0.06322996|-0.15432349|-0.11100668|-0.10107714|0.024535526|-0.030427426|0.10504088|0.035341423|0.093858406|-0.11353672|-0.120838046|-0.0657956|0.0371024|-0.0887534|0.047416344|0.056569222|-0.06717105
18;-0.06011918|0.065765485|0.11141221|0.061468698|-0.14811896|0.05430393|0.04357418|0.09645882|0.058970638|-0.012779497|0.11954044|0.08026061|0.1298234|-0.10008451|0.1416865|0.09764602|0.1879045|-0.008191244|0.11433059|0.0991828|-0.07684477|-0.092471346|0.03434039|0.12038081|0.05273995|0.11083846|0.12525378|0.028450126|0.056761432|0.13287453|-0.11211918|0.065865874|-0.1242591|-0.04582574|-0.048649445|-0.1506936|-0.10835129|-0.052362435|0.10604696|-0.091606624|0.14887264|-0.06736539|0.075955264|0.10478461|0.011925489|0.058808975|-0.12450336|-0.02102796|-0.15199019|0.075062305|0.06747133|0.07040132|-0.120309666|0.15450211|-0.060445063|0.12432953|-0.05128016|0.06158521|-0.13161509|0.11392208|-0.13603525|-0.15162858|0.12009832|-0.08767116|0.0348785|-0.06892452|-0.03397017|0.102228366|-0.07975211|0.08954202|0.042307142|-0.005487468|-0.10750913|0.040755495|-0.13085143|0.034981243|-0.10750234|0.077825785|0.032320216|-0.13868357|0.006813014|0.06973333|0.04102434|0.071158156|-0.18955928|-0.098773606|-0.054816265|0.07863596|-0.101674184|0.059858967|0.04557896|0.077285744|-0.10102223|-0.080105|-0.1110491|0.0031677336|-0.05143699|-0.008491636|0.11242079|-0.074348226
19;-0.054932997|0.08189036|0.09902365|0.06169911|-0.04907182|0.013924949|0.009022968|0.12857087|0.016216308|0.06595977|0.068353295|0.08077643|0.10311077|-0.10833749|0.097735524|0.15204479|0.14030886|-0.071711384|0.030327942|0.10332566|-0.032877978|-0.029870471|0.07884887|0.0027275532|0.031922426|0.11689684|0.12336208|0.04442548|0.05298702|0.04116123|-0.031587373|0.058215853|-0.038078576|-0.028734926|-0.020126963|-0.1277177|0.0023496076|-0.06526666|0.07829145|-0.053498328|0.09620538|-0.07661488|0.07831783|0.10324457|0.093246505|0.09575348|-0.13242394|-0.105057836|-0.08273055|0.09095742|0.041976303|-0.00018927827|-0.12455809|0.06624097|0.005876627|0.0832687|-0.045854185|0.09366644|-0.099077225|0.09550604|-0.082120776|-0.1337938|0.1012007|-0.045628585|0.07946574|-0.0935811|-0.12748303|0.12212411|-0.06316164|0.074330255|0.029467918|-0.049881633|-0.09066064|0.05346333|-0.05932727|0.114684835|-0.052232705|0.08548126|0.008702166|-0.06615052|0.0013917293|0.09967993|0.06657695|0.06568355|-0.14508584|-0.081177406|-0.08997271|0.08153878|-0.07169993|0.14675143|0.03734917|0.09905277|-0.15028645|-0.08896059|-0.11492477|0.102741264|-0.09573858|-0.016699148|0.14774986|0.006465085
20;-0.04502299|0.11227496|0.12437497|0.017686691|-0.120689526|0.034524836|0.02640706|0.023666374|0.03021154|0.05049347|0.018844422|0.11975995|0.12155042|-0.105748564|0.01758618|0.14558434|0.11746029|0.006014376|0.07422291|0.0802962|-0.018467061|-0.02970694|0.07202394|0.12615146|0.036936723|0.09881407|0.096651755|0.071810395|0.11344879|0.06450802|-0.09449166|0.14204094|-0.07003428|-0.048147526|-0.058015317|-0.10636506|-0.11112909|-0.12966856|0.087705344|-0.11006524|0.117099345|-0.08031013|0.051117703|0.09918688|-0.016638137|0.042817008|-0.12151253|-0.024495462|-0.078103565|0.018992517|0.021286927|0.008729104|-0.12875925|0.13470376|-0.02374285|0.073034465|-0.113439895|0.13656318|-0.08856172|0.08964822|-0.033813268|-0.122588515|0.10978664|-0.0005721897|0.056602538|-0.06896152|-0.08333385|0.05855476|-0.06600901|0.04516589|0.06714953|-0.0679343|-0.07743387|0.033860527|-0.13956654|0.09338163|-0.079450816|0.12730643|0.055673704|-0.110786974|-0.01236943|0.05792801|0.0387469|0.075031355|-0.11415785|-0.04910634|-0.07395763|0.03030967|-0.09605154|0.07576105|0.07306758|0.030627029|-0.11033046|-0.1074981|-0.051767867|-0.010518894|-0.030423183|-0.056354683|0.09151467|-0.08126466
21;-0.13374217|0.074508935|0.14150524|0.03983506|-0.068466306|0.07397444|0.059442855|0.04724369|0.039396428|0.08373937|0.005948812|0.1318464|0.07250051|-0.050860215|0.053267732|0.13649291|0.1068846|0.0241672|0.07069853|0.118790224|0.01612556|-0.085963026|0.04353062|0.05394744|0.09802221|0.011254281|0.11860749|0.007277429|0.106684916|0.07476081|-0.080994934|0.11058123|-0.07769021|-0.040741548|-0.06500361|-0.06867121|-0.03894411|-0.10286663|0.13234058|-0.08852205|0.0682864|-0.08409833|0.030387562|0.06161482|0.06639522|0.03891276|-0.099126115|-0.013398927|-0.063079156|0.05336441|0.10901153|0.08456726|-0.07698583|0.112227485|-0.060533814|0.14778435|-0.09488968|0.10202144|-0.08452079|0.09047049|-0.058170497|-0.015185207|0.100407995|-0.044735774|0.060304116|-0.066635564|-0.15741375|0.1390095|-0.048027135|0.041289244|0.039722987|-0.033366643|-0.08306855|0.045101058|-0.13374509|0.108575985|-0.07678305|0.10613583|0.085924946|-0.08493989|0.0555247|0.05250985|0.035265148|0.11022091|-0.14931239|-0.04291798|-0.09674964|0.0912291|-0.018415812|0.14206941|0.14504057|0.016439456|-0.11545116|-0.1275793|-0.0904297|0.054537326|-0.13692644|0.02178774|0.09622421|-0.0025256872
22;-0.08736152|0.100810826|0.07572866|0.066172615|-0.10815864|0.05423268|0.06805765|0.05743001|0.00871488|0.05364167|0.012376871|0.024179835|0.09894625|-0.09136888|0.045573473|0.10131466|0.12414496|0.024682574|0.074446365|0.11616492|-0.03239965|-0.09756794|0.077960745|0.0522341|0.07969238|0.05531179|0.062641926|0.053306837|0.068550915|0.079568654|-0.032446608|0.14109138|-0.122877054|-0.014206506|-0.061772034|-0.040889516|-0.12721899|-0.067278475|0.1266528|-0.083130874|0.023787104|-0.09113825|0.11665517|0.1089562|0.04888674|0.07849061|-0.026713964|-0.047617853|-0.045857783|0.064259|0.05217504|0.054090694|-0.09864321|0.11507903|-0.044634618|0.06394655|-0.04339735|0.13094561|-0.051992334|0.068146974|-0.11000912|-0.114352405|0.04261639|-0.06307777|0.073899105|-0.10190123|-0.13371216|0.10200119|-0.08364132|0.054728147|0.032356262|-0.03573165|-0.117613226|0.06975247|-0.06959835|0.08530857|-0.07978316|0.14542511|0.08406733|-0.056395315|-0.038043186|0.068997204|0.039106578|0.12709427|-0.10368265|0.00896287|-0.09234765|0.12142864|-0.109610945|0.06077099|0.09358429|0.10396609|-0.16293703|-0.03642009|-0.11551635|0.029900495|-0.13026047|-0.011416126|0.120828524|-0.070438646
23;-0.08532456|0.0936296|0.1502731|-0.009999033|-0.08810918|0.08241248|0.04273544|0.15391563|0.021522706|0.075757295|0.05456323|0.12947714|0.15964492|-0.085406505|0.093874335|0.06525467|0.11938348|-0.0015951606|0.07559187|0.091154136|-0.026211182|-0.09578122|0.103865996|0.12937593|0.06662207|0.07114117|0.038810708|0.038347587|0.07560313|0.0837172|-0.02338558|0.0863232|-0.07672399|-0.018017448|-0.043692235|-0.15565202|-0.05137533|-0.12154698|0.04156201|-0.15700878|0.040537037|-0.114691615|0.13959089|0.08230381|0.018743362|0.104017526|-0.14846623|-0.08219096|-0.08217102|0.020566631|0.0051546283|0.056473944|-0.08573953|0.09329468|-0.009524317|0.0829293|-0.09152692|0.089413896|-0.12963973|0.042626303|-0.11614035|-0.10850537|0.13974726|-0.12407274|0.061910115|-0.11456513|-0.09175244|0.050668467|-0.095542215|0.08207784|0.0027986243|-0.036945887|-0.06694966|0.081338905|-0.16203251|0.103144005|-0.12380722|0.17553489|0.023596626|-0.057569027|-0.019420322|0.033922732|-0.0050889067|0.107659444|-0.0722069|-0.09703527|-0.030409012|0.10217894|-0.15142593|0.17242676|0.05693485|0.0969072|-0.1156439|-0.04283345|-0.0814699|0.024205158|-0.056325167|0.020115614|0.080138534|-0.043439895
24;-0.1655694|0.08111753|0.11295649|0.0062644407|-0.09388801|0.040353198|0.032053154|0.13977432|0.06919755|0.07577792|0.110191494|0.1548239|0.10577066|-0.12086235|0.08080271|0.16213502|0.18772855|0.036132585|0.035340216|0.09661895|-0.073409796|-0.07704636|0.041409664|0.11326203|0.07793378|0.12766263|0.0690646|0.005175967|0.1337194|0.074683495|-0.032612603|0.08367849|-0.10606003|-0.114075564|-0.035938777|-0.044713262|-0.10138909|-0.07663137|0.14002883|-0.13702591|0.14967462|-0.060234915|0.045908026|0.07469996|0.057158973|0.12976581|-0.05705376|-0.04685447|-0.1613969|0.1165864|0.0865863|0.06908022|-0.14814778|0.105844155|-0.10179797|0.16047955|-0.09065586|0.12859249|-0.10180308|0.08811453|-0.08366267|-0.15248144|0.063236214|-0.038120307|0.023240697|-0.07505375|-0.07695188|0.113497674|-0.10409969|0.154772|0.060057756|-0.11154197|-0.14314532|0.1145291|-0.09195453|0.10536732|-0.04005704|0.14312595|0.027062904|-0.0973017|-0.009412314|0.0358676|0.10887978|0.15422311|-0.09549988|-0.019672733|-0.04837597|0.104888275|-0.13628131|0.12881887|0.12064375|0.12585403|-0.19521049|-0.1437405|-0.14360675|0.08986515|-0.027084079|-0.05489486|0.12092958|-0.08580229
25;-0.10036276|0.063984975|0.11745845|-0.015854552|-0.07317707|0.08461202|0.015736068|0.11886105|-0.062444873|0.013599955|0.019168116|0.019431897|0.029118098|-0.07038236|0.02668808|0.07470726|0.06416571|-0.007779343|0.06459276|0.078039005|-0.027046666|-0.03152948|0.018952616|0.13168891|0.08208096|0.028551806|0.07978962|0.0027123988|0.08456963|0.04907417|-0.038598754|0.06958083|-0.07603641|-0.09640403|-0.06086768|-0.06665749|-0.09787448|-0.0018327758|0.083114|-0.050020453|0.104594514|-0.014770821|0.08520836|0.010387003|0.10054053|0.10423795|-0.1429013|0.0059014373|-0.13697387|0.07138677|0.0013204813|0.08741367|-0.02215591|0.10895521|0.0022488683|0.061918482|-0.044645973|0.08308241|-0.062982194|0.044810798|-0.07325016|-0.054370947|0.10615471|-0.05749289|0.055201318|-0.13484053|-0.10644382|0.09439281|-0.1227067|0.07781231|0.08559641|-0.076596335|-0.062865436|0.12481327|-0.1125357|0.12318233|-0.08537208|0.0877766|0.053489562|-0.09290168|0.037032027|0.06442703|-0.0023831762|0.12501049|-0.11316939|-0.096273646|-0.054579876|0.08588817|-0.045334194|0.07019583|0.037188046|0.0018902346|-0.08858065|-0.07033592|-0.08765757|0.0038609654|-0.09197052|-0.027981363|0.07679877|-0.01009924
26;-0.052514855|0.06947044|0.058658976|0.062761046|-0.05382097|0.034191303|-0.0047182925|0.02777499|0.0045571513|0.028447948|0.064648636|0.058722287|0.052867085|-0.023717064|0.1093674|0.074560575|0.09681177|0.0029270605|0.036256533|0.08733347|0.033464022|-0.047478236|0.073356874|0.05098636|0.10054618|0.039718233|0.13588603|0.0087451|0.15377316|0.13447109|-0.008853596|0.11762433|-0.118626386|-0.022189343|-0.10462331|-0.0541972|-0.055018965|-0.09819257|0.07224049|-0.06203731|0.12035487|-0.05412545|0.049615003|0.06790956|0.09636476|0.026428264|-0.060325272|-0.0958267|-0.08706774|0.005298022|0.023002364|0.02780303|-0.14510837|0.07716288|-0.056615606|0.088979065|-0.092854634|0.10050116|-0.087491006|0.055565704|-0.13605878|-0.057471342|0.07041294|-0.07868537|0.09869542|-0.102520965|-0.08878536|0.116871|-0.05003483|0.02400998|0.029940732|-0.06839092|-0.13477245|0.016275685|-0.10365635|0.084586695|-0.13159041|0.14608242|0.0013397112|-0.074026406|-0.09335466|0.07325758|0.05396008|0.06214475|-0.09724133|-0.10544838|-0.018549778|0.091479614|-0.05185488|0.08475115|0.12956765|0.10805783|-0.15296286|-0.06416913|-0.1339437|-0.007063456|-0.0902254|-0.032456215|0.07632139|-0.1192747
27;-0.07340506|0.141091|0.049483355|0.02146465|-0.12552355|0.014206383|0.03174482|0.07693805|0.027852347|0.06982353|0.09412302|0.091065235|0.13715242|-0.10030563|0.08416845|0.07189487|0.17008518|0.052652307|0.022508431|0.034033444|-0.073750764|-0.1246109|0.090727136|0.06454258|0.09322278|0.10817051|0.08104799|0.04244316|0.1696364|0.07986429|-0.022447227|0.08880049|-0.16113815|-0.05825044|-0.09502464|-0.13493398|-0.01272136|-0.060065854|0.07772011|-0.13397358|0.08834081|-0.073843725|0.0987168|0.1054459|0.006873179|0.059231274|-0.099266104|-0.069922425|-0.10568813|0.039607156|0.097436085|0.11703098|-0.05944147|0.06023635|0.011900265|0.06864597|-0.1236276|0.08814499|-0.11501916|0.10404703|-0.14302596|-0.113971464|0.0671667|-0.0735816|0.03497866|-0.087831825|-0.1168086|0.07838135|-0.04833106|0.04331635|0.05035662|-0.050097242|-0.1209517|0.07506381|-0.0822998|0.117228076|-0.09390301|0.03310162|0.13227804|-0.115217865|0.05273427|0.044273462|-0.01380083|0.09123951|-0.10701272|-0.050592814|-0.029957902|0.13863167|-0.03309491|0.061755043|0.10304184|0.06387348|-0.04319493|-0.03513437|-0.11469706|-0.0061953366|-0.098559156|-0.01278555|0.13128018|-0.08816495
28;-0.034325905|0.10211688|0.03897819|0.003342785|-0.04921929|0.056579072|0.053965442|0.064461365|0.0025933627|0.06522986|0.024359226|0.05622421|0.10895537|-0.08208134|0.0656404|0.12822755|0.10461536|0.024559446|0.013052009|0.063723765|-0.0777724|-0.07009387|0.086620264|0.04368086|0.103801295|0.10473634|0.06128637|0.088581845|0.12943345|0.02139309|0.013533596|0.10322667|-0.08525927|0.009098418|-0.030569078|-0.030689374|-0.112754256|-0.14584583|0.06902672|-0.08940667|0.08051339|-0.10986509|0.11414182|0.06673376|0.016956408|0.10736198|-0.051795002|-0.02352083|-0.08339698|0.038033783|0.030687|0.09696455|-0.082246676|0.046095647|-0.0009627789|0.048037328|-0.13221124|0.12191611|-0.15576631|0.09398559|-0.12984902|-0.03339782|0.099836685|-0.102785766|0.037148755|-0.10700904|-0.112990305|0.052548103|-0.08717352|0.10010847|-0.02371594|-0.11390801|-0.060850747|0.04260826|-0.09119578|0.035607852|-0.03161701|0.13288918|0.065033026|-0.1027136|0.039176136|0.0771981|0.03805706|0.06722237|-0.14822756|-0.06681028|-0.11532121|0.024738926|-0.032314636|0.11586744|0.13708827|0.05371773|-0.032656826|-0.030301489|-0.09142401|0.02056954|-0.030138101|-0.07246123|0.055617157|-0.055842254
29;-0.08838103|0.0495081|0.09921799|0.041709773|-0.097076625|0.010304626|0.070525415|0.11748487|-0.005181004|0.017360479|0.120033756|0.02288561|0.13947558|-0.123721614|0.13191922|0.071854115|0.08422965|-0.004660519|0.06462699|0.08817187|-0.032442197|-0.018622119|0.045681767|0.09432613|0.047187105|0.065201424|0.055377543|0.03975169|0.115868405|0.04809554|-0.043244757|0.125923|-0.042467214|-0.086694404|-0.04000847|-0.12162306|-0.048517138|-0.09119135|0.07302726|-0.12770072|0.113169335|-0.015144281|0.064423375|0.085465305|0.015129004|0.09568628|-0.046693157|-0.06327843|-0.05508459|0.0427837|0.050758936|0.09475236|-0.03349858|0.09226601|-0.02443565|0.08154347|-0.11547335|0.07503755|-0.09617163|0.11268228|-0.14828992|-0.059837993|0.0980908|-0.1383874|0.11595582|-0.08577844|-0.07290053|0.054513007|-0.007547945|0.075536996|0.00651579|-0.030563515|-0.08332816|0.055548508|-0.06247813|0.12276673|0.0012373924|0.122971795|0.108781174|-0.05746818|-0.0016367417|-0.0010207258|0.0293505|0.12032738|-0.09629669|-0.03181911|-0.016149648|0.10446248|-0.10772056|0.11454406|0.12395001|0.053475402|-0.06920743|-0.12496302|-0.12030579|0.036017954|-0.04426534|-0.007851846|0.043966606|-0.0811365
30;-0.1042724|0.027278744|0.062294655|0.058738176|-0.0489892|-0.013268273|-0.016326576|0.08292723|0.037224717|0.017178701|-0.0026187822|0.04027914|0.080602646|-0.016540214|0.07647363|0.07967606|0.03163545|0.035163175|0.06820275|0.07845677|-0.010545488|-0.028025325|0.091816105|0.0327297|0.0069304705|0.044749204|0.092399955|0.06745033|0.11442235|0.06174622|-0.063146874|0.06338044|-0.06708723|-0.06730552|-0.0032497086|-0.029031798|-0.09404273|-0.08028131|0.11536273|-0.075742826|0.13912685|-0.11055229|0.1423446|0.034921616|0.06747266|0.06510849|-0.13725102|-0.0245529|-0.13169508|0.08252148|-0.0015958846|-0.005980581|-0.07691263|0.06542137|-0.029845078|0.0487546|-0.030390136|0.09387867|-0.10003721|0.056148373|-0.022170134|-0.059988007|0.046664633|-0.09964389|0.024200585|-0.13219422|-0.1321561|0.04903449|-0.038609825|0.12789206|0.03290778|-0.09768425|-0.063850485|0.068529725|-0.15558198|0.07775907|-0.014096629|0.05130476|0.025287416|-0.08545185|0.015063718|0.025968434|0.021160081|0.11483599|-0.11391344|-0.11033131|-0.06402018|0.10881734|-0.12482941|0.051976673|0.13377036|0.03802961|-0.08383573|-0.114374764|-0.11005961|0.0872677|-0.12674981|-0.015438358|0.04029271|-0.0020656064
31;-0.1060781|0.09411686|0.13625345|-0.026875176|-0.10404833|0.10031229|0.02640636|0.104504|-0.01463533|0.033491362|0.01813111|0.0400103|0.06977749|-0.033538032|0.11600788|0.08933263|0.12603107|-0.010394697|0.07527021|0.03476029|-0.044931322|-0.08943285|0.117612824|0.08178967|0.07102953|0.13073868|0.09606627|0.052556098|0.13555771|0.105737686|-0.041833386|0.058064163|-0.09551361|-0.024745032|-0.024570033|-0.06641315|-0.06367848|-0.09937469|0.066686235|-0.13068111|0.04228103|-0.11385964|0.10222869|0.09187785|0.066541076|0.048857965|-0.054372672|-0.051287293|-0.12602341|0.08243038|0.011629|0.1128419|-0.018285196|0.055162955|-0.05014093|0.046946008|-0.10434076|0.12277318|-0.11228718|0.08989178|-0.14755845|-0.04403729|0.08600528|-0.041789718|0.12863584|-0.11304439|-0.07036635|0.05975978|-0.071011715|0.10861136|0.08087736|-0.114885405|-0.11030593|0.07717168|-0.15337908|0.10209282|-0.058431547|0.11276589|0.015638601|-0.098855644|-0.026993657|0.026459336|-0.010495473|0.13222471|-0.108253755|0.019109823|-0.08644677|0.042736564|-0.022120569|0.10275266|0.032623112|0.0102703385|-0.121456206|-0.10981974|-0.13298999|0.027857631|-0.0880992|-0.0045806877|0.06438029|-0.010449361
32;-0.031828605|0.02630163|0.05257735|0.00028490275|-0.10182747|0.016492793|0.087047875|0.09330235|-0.032033384|0.09583157|0.10582507|0.10491295|0.10415591|-0.10763181|0.095410615|0.08182743|0.068770565|-0.0015176564|0.032889795|0.109197766|-0.046988666|-0.0072909817|0.07949511|0.11572116|0.12533158|0.08362645|0.08858338|-0.0030514821|0.06204652|0.037461594|-0.07434714|0.07078697|-0.071720645|0.014258787|-0.0947308|-0.08638501|-0.11777953|-0.10645491|0.03775004|-0.0331328|0.070236295|-0.051612757|0.082099885|0.08872324|0.038788132|0.07726086|-0.060466275|-0.066990726|-0.08901913|0.07412624|0.0924349|0.037507594|-0.14348198|0.081357494|-0.05088649|0.10574442|-0.084732816|0.049241643|-0.13612258|0.015917633|-0.082272455|-0.1252295|0.07947337|-0.037713323|0.026327915|-0.11598918|-0.14756414|0.10859464|-0.08917622|0.042233378|-0.016027626|-0.05837294|-0.10036563|0.06509848|-0.10978911|0.07536605|-0.12132668|0.13625936|0.055728424|-0.08131709|-0.047701035|0.06091415|0.05669175|0.1368532|-0.1408305|-0.018226601|-0.016287655|0.053237073|-0.08782708|0.08681716|0.04017207|0.11678074|-0.032926694|-0.027224|-0.0973603|0.04197997|-0.06392081|-0.06319577|0.09842568|-0.05063861
33;-0.06646329|0.08450189|0.035056807|0.009055749|-0.07882804|0.020910537|-0.01034826|0.15148023|0.06303074|0.09195396|0.11791769|0.10071584|0.10535202|-0.10830712|0.13361716|0.118477255|0.12799025|-0.058537416|0.07778743|0.04140044|-0.054601036|-0.057741616|0.072622426|0.12118253|0.073302016|0.11224559|0.061181627|-0.022082612|0.09608114|0.02908177|-0.019301817|0.07271069|-0.092773594|-0.06818901|-0.013802778|-0.111744516|-0.029977858|-0.15253386|0.061982434|-0.16344512|0.1163603|-0.036807757|0.052552663|0.11640857|0.019720893|0.04879745|-0.15117472|-0.051182732|-0.114936166|0.024916742|0.022075221|0.019850906|-0.09752804|0.09517882|0.0012019388|0.1365343|-0.024193034|0.07406063|-0.04134782|0.07816128|-0.051716372|-0.11715442|0.02921217|-0.11732599|0.05084478|-0.14744167|-0.120890625|0.109399416|-0.0209601|0.12805545|0.017521288|-0.04974806|-0.06776507|0.042022638|-0.12574024|0.13122377|-0.07938051|0.11670382|0.073199384|-0.15602493|-0.013042833|0.07479955|0.011420421|0.12431136|-0.070483774|-0.11414784|-0.1050598|0.096459344|-0.033500876|0.14553383|0.11852907|0.009208195|-0.111442044|-0.028885327|-0.10316287|0.056165308|-0.09481256|0.010601365|0.07782124|-0.050456367
34;-0.051140096|0.07361787|0.07683813|0.014134344|-0.12681535|0.06699026|0.0016915463|0.13342041|0.0028148233|0.113338664|0.021124601|0.07912903|0.102952495|-0.12416143|0.08359643|0.13923979|0.0178935|-0.07631652|0.09003522|0.047208898|-0.06557085|-0.108801275|0.060903266|0.11928042|0.03879617|0.0790988|0.08131691|0.1142881|0.0684619|0.13963367|-0.08065651|0.07912381|-0.14022659|0.015967175|-0.03399434|-0.091407634|-0.020790271|-0.12830512|0.069499664|-0.07557433|0.11965422|-0.10931017|0.10471855|0.09430714|0.06612232|0.100443885|-0.08095962|0.00985698|-0.04161015|0.10339835|0.059997056|0.12404008|-0.1261725|0.14774358|0.020200826|0.098184295|-0.15518168|0.091290936|-0.11967889|0.06788737|-0.047233105|-0.07443563|0.09358016|-0.027514525|0.05866523|-0.12976822|-0.17103696|0.07294075|-0.051068924|0.121601425|0.08263527|-0.04062455|-0.041437063|0.027692687|-0.09101493|0.0055121034|-0.06610288|0.122271225|0.031639148|-0.09744991|-0.08052864|0.073774785|0.05133468|0.028555531|-0.16295943|-0.04901657|-0.07685599|0.092814684|-0.12076465|0.12245824|0.066970155|0.05435853|-0.10002423|-0.03824231|-0.037558377|0.064624295|-0.03961585|0.013739173|0.11564194|-0.04470765
35;-0.06002441|0.076257825|0.11420961|0.022608927|-0.05666024|0.071785115|0.02038448|0.12553024|-0.013898591|0.02231846|0.03628298|0.08772799|0.13390784|-0.039995946|0.08702916|0.106253505|0.051462326|0.031393766|0.10107703|0.007952359|-0.0336623|-0.08189921|0.075353846|0.10964824|0.016652085|0.0740496|0.094564825|-0.0064456873|0.07701749|0.11767256|-0.09856282|0.080089144|-0.079807796|-0.073545665|-0.07441095|-0.054457568|-0.029292196|-0.049824275|0.07648453|-0.10167922|0.13984095|-0.087583736|0.06711775|0.057584472|-0.0106558055|0.04195963|-0.10265309|-0.06738795|-0.098263755|0.051094584|0.012680721|0.0022165217|-0.05228332|0.1452888|-0.026689177|0.09997302|-0.07666715|0.0660219|-0.021506794|0.10686987|-0.121060416|-0.12819135|0.03570992|-0.11948064|0.10456258|-0.077656806|-0.08210571|0.022304371|-0.045512117|0.10865286|0.085605145|-0.050871335|-0.117107525|0.03113624|-0.088056326|0.041128006|-0.12223371|0.091123104|0.12561744|-0.083333805|-0.067278795|0.026865479|0.0873599|0.08305986|-0.09798505|0.012157984|-0.116186775|0.11183531|-0.0959937|0.116340965|0.08544377|0.07916976|-0.050361082|-0.07510794|-0.11012711|0.013957858|-0.058136355|-0.023978617|0.16344213|-0.09319432
36;-0.029631928|0.068823576|0.07598318|0.035670653|-0.06433299|0.020930685|0.06122219|0.110568896|-0.0030203196|0.02827189|0.10503261|0.11524825|0.09035604|-0.10190345|0.07870088|0.11566646|0.08614632|-0.011454717|0.07966322|0.03148664|-0.03545136|-0.03425951|0.119756915|0.13923568|0.09027163|0.07517588|0.12347226|-0.019608088|0.13660753|0.122683816|-0.040214244|0.12407569|-0.11424924|-0.014970388|0.011995774|-0.05522603|-0.13887486|-0.07248036|0.022153731|-0.040359337|0.053025685|-0.062357374|0.06800901|0.0807857|0.091306075|0.113569215|-0.03637552|-0.014691262|-0.10328238|0.060747597|0.033059113|-0.0036193281|-0.12357038|0.109982215|-0.08941026|0.15369451|-0.08418403|0.058384784|-0.08149635|0.089298114|-0.13066244|-0.044846322|0.10823721|-0.039431453|0.06956216|-0.16181293|-0.12184116|0.030389335|-0.06513606|0.10372326|-0.012912184|-0.08402977|-0.018149152|0.055839255|-0.09656456|0.028476395|-0.1268483|0.044993855|0.09689099|-0.06102898|-0.032302104|0.04414108|0.038280383|0.08363588|-0.1145813|-0.032875776|-0.046093334|0.10178261|-0.09718468|0.16089432|0.13503963|-0.006250154|-0.14424549|-0.051588427|-0.15269005|0.09409102|-0.08441863|-0.06683493|0.13359416|-0.062396888
37;-0.09394214|0.045589734|0.101810515|0.0038317218|-0.03750553|0.059658602|0.10355562|0.11026175|-0.015907723|0.061491653|0.08724257|0.05887601|0.09332347|-0.07025198|0.08489942|0.03466466|0.08937741|0.022735275|0.03252742|0.044144116|-0.02486403|-0.07417653|0.08112701|0.07878863|0.09377835|0.08426571|0.015234403|-0.017391138|0.042967383|0.07646933|-0.02844223|0.07809663|-0.069661885|0.0063951537|-0.055031642|-0.021194823|-0.036268905|-0.12464257|0.06189405|-0.07387898|0.12082027|-0.10479175|0.03574573|0.079972066|0.07730527|0.10380184|-0.079573296|-0.11113213|-0.11332884|0.10368896|0.025475852|0.080581434|-0.07222408|0.06336411|-0.011197902|0.06335119|-0.14244333|0.085202806|-0.073573746|0.075343505|-0.10147028|-0.12247652|0.022964507|-0.027986962|0.09161902|-0.05930368|-0.09459223|0.031368405|-0.07766965|0.04708998|0.03966597|-0.007956266|-0.039128795|0.036265332|-0.095499|0.107646085|-0.12785482|0.104982235|0.04571273|-0.06958803|0.019322652|0.0021374933|0.0073449872|0.05584046|-0.10483735|-0.084342845|-0.055614483|0.13006309|-0.046063844|0.09986344|0.051250402|0.053526144|-0.06614889|-0.14374015|-0.09996081|0.032880135|-0.04766171|0.017378286|0.113229915|-0.08775773
38;-0.10372889|0.047614165|0.02885542|0.078681335|-0.043662082|0.08009555|0.016010784|0.085115395|-0.031149525|0.09865215|0.042567763|0.11519739|0.06797796|-0.100737356|0.12684746|0.08171871|0.12704258|-0.017922979|0.117295325|0.1299609|-0.0010508932|0.0024755523|0.14321418|0.14271805|0.04776608|0.1360014|0.09438951|-0.0071124956|0.12470695|0.036069963|-0.08265361|0.11007857|-0.066156015|-0.05527525|-0.066696435|-0.09964939|-0.12321399|-0.076294154|0.08528743|-0.106442615|0.08508667|-0.106431186|0.06644254|0.059718993|0.08555237|0.097213544|-0.0360709|-0.011796508|-0.078826085|0.096064076|0.047233764|0.072534256|-0.06067942|0.13349417|0.015054841|0.08372652|-0.12980404|0.07459697|-0.036934167|0.05257172|-0.13531984|-0.023945153|0.0912673|-0.026408982|0.08496696|-0.07887645|-0.045839194|0.07326363|-0.116754815|0.11745519|-0.021269564|-0.059072107|-0.14817578|0.104000375|-0.06174453|0.04989499|-0.054546367|0.05974295|0.05858617|-0.1195905|0.030418709|0.06227997|0.050537597|0.056030903|-0.053003766|-0.07098811|-0.023616143|0.0958619|-0.056183342|0.1291782|0.1392504|0.030108433|-0.09071684|-0.03931881|-0.16637278|0.07890515|-0.021196444|-0.052899648|0.13441816|-0.037604425
39;-0.12867384|0.06537001|0.041224215|0.10147153|-0.044108566|0.026046671|0.030487936|0.0947164|-0.08374158|0.06550983|0.020404246|0.06706162|0.11433593|-0.103068866|0.06385662|0.093438886|0.067998335|-0.032054763|0.092542365|0.074935496|-0.089654565|-0.11769523|0.09505292|0.11947104|0.037211508|0.034323636|0.07897405|0.027030481|0.087516874|0.14442079|-0.023462461|0.14967611|-0.14124641|-0.036782682|-0.01887454|-0.12440785|-0.12877412|-0.08201244|0.059533145|-0.1424751|0.04025955|-0.072955325|0.08366085|0.10429877|0.054615725|0.05476948|-0.08266385|-0.0635899|-0.039941426|0.072911054|0.044543978|0.09257761|-0.123547345|0.08574885|-0.03568674|0.029815592|-0.08733695|0.1217145|-0.05454042|0.10751729|-0.041195218|-0.1312945|0.026030138|-0.057509143|0.105578214|-0.05576589|-0.048191525|0.09311108|-0.11857433|0.06419967|0.01455773|-0.08646296|-0.076383844|0.01918557|-0.113406666|0.03223715|-0.06059014|0.057510667|0.0623106|-0.071808204|-0.086893246|0.070998736|0.05124365|0.073467076|-0.060995795|-0.058218446|-0.107659616|0.14503413|-0.11847603|0.13954487|0.069968075|0.04102801|-0.11029998|-0.09793222|-0.11988813|0.040698618|-0.12734038|-0.0027315086|0.055292547|0.002152644
40;-0.07545227|0.05588922|0.13323933|0.01724235|-0.017826289|0.003361933|0.1138892|0.14662188|0.04653269|0.06223204|-0.0045828447|0.10372204|0.12383723|-0.10687551|0.12588772|0.088231795|0.1067383|0.025497789|0.022270821|0.046482064|0.020192653|-0.09106217|0.07792768|0.1524117|0.09663259|0.069277234|0.0067317225|0.08823863|0.05100166|0.12411706|-0.0052128993|0.034366455|-0.114842735|-0.07281372|-0.033293232|-0.12336525|-0.10971585|-0.121826544|0.024998449|-0.09854846|0.03468322|-0.061153326|0.07364663|0.033180006|0.07859968|0.12305617|-0.13576229|-0.024291268|-0.12577672|0.025881525|0.058889203|0.083229415|-0.0927605|0.09777355|-0.066649236|0.09570271|-0.1432086|0.018189922|-0.071452476|0.11944069|-0.15105334|-0.13152388|0.020567521|-0.08579543|0.10375315|-0.07131736|-0.09733962|0.15094474|-0.06185849|0.035275936|0.06067314|-0.0055895597|-0.06704985|0.10169236|-0.0698795|0.05065299|-0.1230772|0.11064606|0.009756058|-0.12198943|-0.028698564|0.017148169|0.051532187|0.069876045|-0.15498266|-0.08059469|-0.01094266|0.049262613|-0.0321598|0.07199788|0.03332149|0.10746603|-0.14197005|-0.063093245|-0.07816798|-0.015934765|-0.102157906|0.0032579144|0.09857759|-0.021647941
41;-0.05133869|0.16082947|0.11605969|0.026627682|-0.13083531|0.06939539|0.09759928|0.047277097|-0.020369068|0.102881394|0.124893755|0.102775685|0.055550154|-0.07173105|0.040514484|0.087121025|0.10468437|0.022452543|0.063333504|0.10525103|-0.005378902|-0.004390266|0.10382433|0.10602602|0.06668174|0.13632907|0.045860287|0.05648894|0.051235683|0.10809386|-0.08233708|0.076634906|-0.056698695|-0.08644107|-0.09715689|-0.10398581|-0.0331844|-0.08155228|0.08520442|-0.11541345|0.13101393|-0.09479843|0.05675576|0.032373816|0.10759147|0.019316241|-0.0999123|0.02270313|-0.07146726|0.122448325|0.102604724|0.10061938|-0.09153728|0.12111013|0.018979285|0.08164646|-0.12700094|0.08881586|-0.07236538|0.11429776|-0.12552053|-0.078927666|0.063484296|-0.043577697|0.07690083|-0.102788106|-0.11486185|0.1200979|-0.10629231|0.09628141|0.018854272|-0.08591662|-0.12757872|0.021021184|-0.078698665|0.11447263|-0.08487843|0.14488147|0.038423967|-0.12302722|-0.05204684|0.0052158125|0.06370959|0.103664115|-0.1431231|-0.035296842|-0.0438818|0.06066899|-0.09906304|0.054581273|0.088580884|0.08821677|-0.086254425|-0.038573623|-0.12362972|0.017200354|-0.041250106|0.028350424|0.1279789|-0.06413627
42;-0.064219736|0.08098739|0.016412422|0.08840177|-0.13588923|-0.019141607|0.07906344|0.06201803|0.027424935|0.085229725|0.0038802177|0.047912613|0.042284086|-0.08291965|0.053112444|0.09922928|0.0142292455|-0.049082782|0.03447591|0.048353046|-0.10562769|-0.007051192|0.12959528|0.05618205|0.08365503|0.029719021|0.0009256564|0.007367946|0.12701508|0.0709465|-0.07780874|0.055733353|-0.1281445|-0.052243132|-0.03750236|-0.061655696|-0.11449225|-0.025249839|0.095427796|-0.066339515|0.04025719|-0.09477727|0.09248515|0.051279232|0.011363361|0.07933965|-0.12494571|-0.01742586|-0.14290662|-0.0015641227|0.06390111|0.068881445|-0.12694465|0.01645387|-0.001399044|0.105288655|-0.08414231|0.02322758|-0.026682407|0.01331263|-0.13284697|-0.110805444|0.027942643|-0.0683628|0.042775493|-0.10903632|-0.14372551|0.11408908|-0.069393|0.03142287|0.010242533|-0.0752531|-0.07733428|0.02137724|-0.14662638|0.10185367|-0.011591755|0.10098439|0.12177412|-0.061084453|-0.05158599|0.053132463|0.0643457|0.065477334|-0.12426168|-0.108036995|-0.08461122|0.013665259|-0.12103565|0.07519862|0.09482383|0.122139156|-0.09695627|-0.095822394|-0.04461181|0.05132808|-0.05031351|-0.018225892|0.11910966|-0.08500266
43;-0.1045052|0.066600874|0.04363845|0.058474913|-0.06395803|0.009736471|0.121320516|0.13115749|0.023697902|0.016427461|0.021338284|0.12812525|0.073912755|-0.093822986|0.015365779|0.13617124|0.073370695|0.013203633|0.04309745|0.032602437|0.018712908|-0.037629265|0.10497357|0.027227819|0.042970516|0.04104349|0.0063447356|0.08236307|0.05859716|0.06383696|-0.010562744|0.03718761|-0.03159938|-0.07676367|-0.04633957|-0.08082847|-0.049878858|-0.06060329|0.07059265|-0.13851237|0.10945364|-0.06245738|0.024124812|0.04578316|0.031156871|0.044344693|-0.06401674|-0.0043969974|-0.09609118|0.028832901|0.08644169|-0.0008534156|-0.06459439|0.11496188|0.030780736|0.13719763|-0.13498683|0.05120863|-0.0575688|0.059158925|-0.09712656|-0.0757223|0.019359924|-0.02549152|0.077270955|-0.09886919|-0.10709874|0.09282528|-0.08080659|0.06722322|0.017076382|-0.026126483|-0.101975806|0.05211789|-0.10788228|0.023021922|-0.046692796|0.07300472|0.14817286|-0.07354069|-0.013899466|0.039216504|0.031359967|0.07564453|-0.052702956|-0.10535005|-0.026676267|0.11263912|-0.026879862|0.080952354|0.027999952|0.04671628|-0.087932125|-0.051532704|-0.08338037|0.027196018|-0.08925231|-0.03127467|0.08323114|-0.06502432
44;-0.08200845|0.14873838|0.088100046|0.028557533|-0.10146135|0.03817768|-0.0068817213|0.12112048|0.022842174|0.01565063|0.050979324|0.03109904|0.10721034|-0.1030394|0.09044461|0.0950474|0.05999431|-0.031485237|0.10000865|0.06292022|-0.06564456|-0.055292886|0.026814424|0.09799777|0.047964476|0.1246407|0.10307282|0.053407982|0.042956177|0.11390327|-0.04155594|0.075834244|-0.107825726|-0.08266077|-0.012477234|-0.07432814|-0.068530485|-0.13105914|0.09284314|-0.11342211|0.12486992|-0.04355115|0.0286639|-0.006069243|0.077199295|0.02016902|-0.036930285|0.017379675|-0.15500812|0.113283396|0.0137034245|0.018368129|-0.016976796|0.15719542|-0.0034581758|0.06768683|-0.09520666|0.1502623|-0.10892763|0.13082038|-0.09812567|-0.039468862|0.10342252|-0.11947106|0.03852263|-0.09781437|-0.106903225|0.07701826|-0.033631377|0.073611125|0.072040655|-0.0514466|-0.06408201|0.0627436|-0.14073361|0.058678336|-0.097968005|0.12766622|0.050889157|-0.0666801|-0.02811598|0.10019044|0.049132638|0.038101666|-0.089164995|0.008442454|-0.11813057|0.10457593|-0.08105838|0.12655255|0.07252462|0.08687124|-0.1415322|-0.053743336|-0.13701423|0.044480503|-0.03759989|-0.033848234|0.041949373|-0.050584935
45;-0.015992336|0.068935856|0.059296746|0.09527014|-0.035871357|0.042050708|0.0114056505|0.09922896|0.025752654|0.095814064|0.090202644|0.08795429|0.14903566|-0.10879922|0.046550095|0.14132148|0.062487505|0.037295755|0.13373503|0.0070015974|0.00085553527|0.0030710846|0.12481275|0.07496832|0.031151092|0.056299374|0.089289956|0.08842106|0.11073559|0.046659447|-0.01745548|0.16311112|-0.05926883|-0.07950826|0.00459221|-0.08951154|-0.05479211|-0.031684108|0.10111963|-0.06373094|0.041766033|-0.07659764|0.03876434|0.05988218|0.012449082|0.01087863|-0.14923559|0.003974531|-0.11164479|0.0022278205|0.04570842|0.031019004|-0.07489741|0.14031652|-0.058201887|0.07306539|-0.14475937|0.14179821|-0.025089294|0.09529236|-0.038415015|-0.071154505|0.03946329|-0.107032895|0.10368011|-0.14825031|-0.05867038|0.11008101|-0.09328632|0.10851656|-0.0022063516|-0.076744854|-0.15942812|0.03427464|-0.056102745|0.1394678|-0.12752227|0.04308629|0.07982514|-0.058194946|0.04408846|0.07880327|0.02242242|0.052787483|-0.111147285|-0.06053775|-0.10726811|0.13556054|-0.012627974|0.120624386|0.048447806|0.045883726|-0.039328936|-0.03738388|-0.08552785|0.11932474|-0.036022693|0.029368311|0.15200908|-0.102465734
46;-0.08266152|0.043136958|0.03593463|-0.006721601|-0.11216769|0.05644267|0.047353238|0.09155488|0.036420062|0.08559575|0.0912817|0.030651234|0.10240714|-0.07537697|0.059573904|0.1392463|0.049689855|0.054623812|0.11248951|0.053286742|-0.0148380045|-0.07514191|0.11379148|0.10208608|0.09790008|0.07630238|0.13258871|0.021240216|0.036606506|0.1360491|-0.011714682|0.070691854|-0.08902041|-0.056728393|-0.05702941|-0.06765251|-0.026369795|-0.07820038|0.048559982|-0.10372657|0.09573095|-0.069231234|0.071762614|0.012089629|0.09632624|0.099646285|-0.0586565|-0.042419933|-0.026306063|0.0662069|0.07532263|0.08067248|-0.08333435|0.14916788|-0.063859604|0.14511448|-0.061493523|0.10937026|-0.040582817|0.12594955|-0.0631186|-0.033910528|0.021412365|-0.100523785|0.038178977|-0.09288304|-0.104964785|0.040328916|-0.09172495|0.1047967|0.022874849|-0.001695212|-0.10371874|0.10103498|-0.08999964|0.04119866|-0.012438439|0.09840769|0.057578392|-0.071910605|0.002831215|0.090625085|-0.0073246136|0.07642867|-0.033681735|-0.009301487|-0.106903784|0.046581518|-0.07006674|0.12858579|0.13148497|0.09816189|-0.13771437|-0.07746023|-0.123670205|0.04747088|-0.077973105|-0.005558394|0.07339369|-0.12628406
47;-0.035218917|0.13082322|0.10316636|0.017435167|-0.040546503|0.057738274|0.0008272752|0.08560548|-0.041582916|0.105898604|0.029386915|0.08972017|0.07513273|-0.1095505|0.08423748|0.09603054|0.119305015|-0.044334915|0.11183541|0.028889865|-0.066024184|-0.0559201|0.031095985|0.06716267|0.042270996|0.098850146|0.110846825|0.10177927|0.12507397|0.04669779|-0.090734035|0.13097687|-0.14370805|-0.080323525|-0.07542835|-0.13014494|-0.07156295|-0.07300104|0.061104015|-0.09734118|0.046227574|-0.075086646|0.011625223|0.020199362|0.014630772|0.10459545|-0.0673645|-0.021327263|-0.06331387|0.10263196|0.08825366|0.07765934|-0.060861252|0.09597624|-0.0664137|0.10030377|-0.13317372|0.0486175|-0.119209334|0.12467253|-0.08047477|-0.085900456|0.06445875|-0.12730908|0.09646051|-0.093184166|-0.052912064|0.10035209|-0.0633722|0.09658072|0.014766363|-0.0279512|-0.10876645|0.07110498|-0.1001154|0.10475899|-0.089777336|0.05041128|0.050484724|-0.16826145|0.061942272|0.012691811|-0.009196259|0.079798|-0.10872263|-0.012083784|-0.07587952|0.0743458|-0.10408042|0.11955091|0.054587137|0.11345288|-0.13757089|-0.037632987|-0.10804568|0.07193513|-0.14440888|-0.04678774|0.11611691|-0.13906151
48;-0.07274978|0.056102745|0.13504355|0.0824458|-0.046494253|0.06313734|-0.02405388|0.049761258|0.025274977|0.03543584|0.040473737|0.103290945|0.06569824|-0.024629876|0.09847354|0.13779297|0.15823443|-0.034043845|0.01072827|0.060546674|-0.065683976|-0.021565298|0.10857596|0.06134073|0.047777683|0.1066131|0.09348822|-0.0028947927|0.15097262|0.02449786|0.017653342|0.13353923|-0.092088595|-0.10600565|-0.031077279|-0.11349927|-0.013394542|-0.12420557|0.056548767|-0.023153625|0.11085366|-0.056238785|0.12114671|0.066381834|0.012947872|0.0067183003|-0.029225986|-0.102533236|-0.12243348|0.052263595|0.073055044|0.019864023|-0.13403499|0.119469315|-0.040088937|0.02662637|-0.07728346|0.07058195|-0.052285418|0.0073851645|-0.0816313|-0.07464281|0.08867845|-0.041733973|0.055281352|-0.077152126|-0.12350243|0.032904778|-0.1171246|0.092819296|0.010080997|-0.105206445|-0.12803683|0.03217906|-0.051383164|0.09651959|-0.02392906|0.1501285|0.05905801|-0.088827774|-0.02540173|0.06473491|-0.0068552904|0.112102464|-0.13144448|-0.071864896|-0.07014456|0.019839149|-0.09921243|0.12890802|0.02524542|0.06453126|-0.14446993|-0.034728795|-0.07054725|0.061032727|-0.09948709|0.0065221237|0.12949985|-0.0011052415
49;-0.1490319|0.17359559|0.1480328|0.020219324|-0.1691308|0.08782542|0.023748085|0.14277622|0.03446395|0.034456894|0.08522396|0.07299198|0.17529063|-0.14170308|0.084545396|0.1336196|0.21346873|0.034611095|0.09696259|0.052725982|0.016114444|-0.09176549|0.07750513|0.11177729|0.13513927|0.09238379|0.06928418|0.040640123|0.19075784|0.12046179|-0.07266666|0.08272153|-0.19535635|-0.098087475|-0.04357263|-0.13551754|-0.027330458|-0.1606103|0.15014422|-0.19169673|0.13451271|-0.1335366|0.113785|0.10704865|0.0692806|0.05183477|-0.1122796|-0.0041983128|-0.19262697|0.090308525|0.09091453|0.07586648|-0.073768176|0.16790827|-0.09855457|0.20395517|-0.15373829|0.1416183|-0.19950521|0.058928244|-0.14331351|-0.12043676|0.089283526|-0.08500816|0.04060129|-0.17208302|-0.11483938|0.13337447|-0.07024899|0.18029922|0.06556135|-0.12517308|-0.13230819|0.08047459|-0.20311755|0.095029786|-0.045192696|0.15966642|0.15021|-0.1416601|0.020321846|0.13376927|0.00026375428|0.083770536|-0.19362971|-0.12009767|-0.10813044|0.06281592|-0.10772416|0.11976144|0.14475453|0.12618472|-0.087884925|-0.09550295|-0.18929505|0.073389105|-0.085887335|0.0037654908|0.14400354|-0.05771262
50;-0.018781684|0.16983573|0.08889658|0.07677384|-0.07587175|0.037044287|-0.004180379|0.09933202|-0.0040954086|0.038322717|0.0521581|0.079810955|0.03537018|-0.046860993|0.057155713|0.043023854|0.12077358|0.018717028|0.029063445|0.102969185|-0.059299007|-0.019524831|0.11310571|0.063172355|0.05043837|0.091829374|0.10704534|0.061546914|0.13158801|0.035139322|-0.07547316|0.05072878|-0.1194339|-0.03983753|-0.062341273|-0.12991841|-0.115113035|-0.13685021|0.09284563|-0.022191316|0.09634023|-0.04205534|0.052529056|0.094957195|0.005701285|-0.0033682287|-0.13612646|0.012764171|-0.084894374|0.09060886|0.071604736|0.032456446|-0.12896389|0.099180594|-0.027958255|0.08789274|-0.06621002|0.031330183|-0.097834535|0.0005143583|-0.06444003|-0.078011364|0.108550325|-0.10097642|0.10091248|-0.030335546|-0.054387942|0.08638202|-0.08016635|0.04329956|0.06649279|-0.020022005|-0.13826549|0.02180092|-0.06735173|0.09287227|-0.06723712|0.12242933|0.047763936|-0.09710559|0.007926641|0.06869663|0.054517604|0.11779014|-0.059589665|-0.06866793|-0.05898901|0.11566674|-0.119409174|0.148767|0.03800486|0.03605706|-0.09947075|-0.11247342|-0.14297917|-0.0059399344|-0.05654589|0.020200197|0.03760194|-0.020031422
51;-0.024825647|0.058883317|0.05437552|0.0060313568|-0.11786132|0.08323951|0.07608069|0.092657626|0.03707814|-0.0047062933|0.09865562|0.075938016|0.07182977|-0.123091176|0.05477193|0.11415033|0.121219546|-0.003276146|0.04148827|0.07921389|-0.08066725|-0.12091643|0.0491688|0.09021684|0.11033031|0.11650853|0.05388148|-0.016017027|0.046925884|0.12305695|0.033280347|0.075076595|-0.056763068|-0.058909576|0.008398101|-0.1121073|-0.022472683|-0.08094578|0.118582904|-0.1286616|0.08855608|-0.01156944|0.11552867|0.083187416|0.06242068|0.114540845|-0.096390024|0.0064521357|-0.0884077|0.00011089444|0.03030628|0.089381084|-0.06312254|0.10324489|-0.06368088|0.07378153|-0.0459776|0.06567345|-0.118157685|0.023647007|-0.07352926|-0.11057426|0.067747034|-0.12280592|0.06894311|-0.09882753|-0.034678884|0.05482197|-0.06495916|0.088905886|0.041351687|-0.002797801|-0.12752487|0.0032733083|-0.08617234|0.09316139|-0.061748266|0.05722945|0.026855472|-0.095514774|-0.0405221|-0.021471806|0.010613605|0.012909114|-0.08948343|-0.09382999|-0.018433154|0.0896515|-0.028679833|0.15009388|0.13333672|0.0738417|-0.015419774|-0.07823668|-0.07339338|0.05950166|-0.05499784|-0.018001165|0.047739286|-0.00869143
52;-0.099654764|0.0643442|0.09800295|-0.0045111813|-0.110391706|0.057192836|0.07569381|0.103021145|-0.048912127|0.0299042|0.10720709|0.023162056|0.10010941|-0.041952904|0.040355477|0.038727466|0.0747627|-0.019519005|0.10025579|-0.000817053|-0.0679649|-0.023710068|0.08639769|0.027765505|0.101391666|0.12203154|0.024355851|0.05095498|0.09099276|0.10360094|0.023490462|0.12505619|-0.12943892|0.0077627525|-0.08529932|-0.031725146|-0.10106255|-0.029598922|0.09802052|-0.078055486|0.06571546|-0.07026351|0.08957936|0.017257366|0.09777258|0.028999768|-0.12136778|-0.028285073|-0.12915176|0.05949721|0.012274377|0.03898655|-0.07583406|0.033856362|-0.038819164|0.1236365|-0.12843823|0.017258346|-0.03612979|0.08562542|-0.038009267|-0.06921083|0.14084499|-0.058221344|0.036670122|-0.11484471|-0.030210212|0.017888457|-0.034385886|0.07443694|-0.0055684634|0.02289791|-0.082546264|0.10243134|-0.08453895|0.13353007|-0.065675005|0.108017884|0.09493036|-0.12852028|0.02373181|0.018913122|0.019644298|-0.010211602|-0.07748686|-0.08221782|-0.009192057|0.04018557|-0.09874265|0.12670867|0.13343567|0.08318527|-0.024800234|-0.07473813|-0.1384665|-0.025573343|-0.020357452|0.031886943|0.047383394|-0.122811064
53;-0.03804919|0.08776412|0.07463097|0.032253925|-0.03287838|-0.0026729591|0.009918807|0.12889439|0.045635346|-0.009077765|0.048290964|0.10540485|0.14242855|-0.061151877|0.11304532|0.10348333|0.058343906|-0.043566268|0.070808016|0.01077541|0.007828765|-0.0130344555|0.066473335|0.11632182|0.10073087|0.019712172|0.04839208|0.046607602|0.12993057|0.03551063|-0.026811136|0.12802142|-0.048193198|-0.0812802|-0.009716913|-0.047091596|-0.06419556|-0.02762033|0.048183296|-0.07055577|0.14085676|-0.117005154|0.037367254|0.011354059|0.06520931|0.020041488|-0.13697828|-0.044462595|-0.13760926|0.043992434|0.059557803|0.08520169|-0.04575385|0.051564604|0.010648251|0.036426254|-0.062330127|0.047139484|-0.118197985|0.05765547|-0.11341126|-0.045948017|0.044187292|-0.101251975|0.003239423|-0.08032773|-0.10852473|0.03097421|-0.096611604|0.08556861|0.04891812|-0.0046176277|-0.08036272|0.10358007|-0.09413442|0.11252616|-0.043542318|0.08481735|0.11157957|-0.13860312|0.0046152305|0.0775528|0.08738765|0.121487826|-0.084756374|0.011378959|-0.05849203|0.083155975|-0.09750409|0.07970469|0.060240675|0.11379264|-0.057975244|-0.02097933|-0.062165715|0.063272536|-0.021476857|-0.06636312|0.10470853|-0.0637655
54;-0.100206114|0.030790407|0.08786569|0.04892059|-0.08036476|0.0020752884|-0.026227094|0.10325518|-0.028151393|0.05943222|0.041202545|0.14768595|0.08896926|-0.13896453|0.1452741|0.061047766|0.04401271|0.025539726|0.123105235|0.07363153|0.037872672|-0.10170595|0.052534916|0.059504636|0.05155699|0.067137964|0.097452655|0.03851055|0.054001447|0.14014952|-0.0467375|0.08287659|-0.1030841|-0.000440076|-0.019180175|-0.115168|-0.0908118|-0.10829163|0.028006066|-0.06768077|0.06254089|-0.085720815|0.07044314|0.10365732|0.045282494|0.08945109|-0.038200036|-0.008552179|-0.046151586|0.05581012|0.06879092|0.029067764|-0.079260536|0.06335353|-0.05477126|0.15572304|-0.070839964|0.074100316|-0.050404187|0.09472189|-0.111723624|-0.05290749|0.032768037|-0.121027395|0.031123009|-0.10945418|-0.12362843|0.09702553|-0.084855616|0.11707362|0.097156525|-0.025071435|-0.12908532|0.049676422|-0.04434178|0.061755076|-0.12712604|0.14116684|0.08029124|-0.09637892|-0.01450829|-0.005906962|0.06830525|0.036516163|-0.07452052|-0.0057362504|-0.07207185|0.029902223|-0.13499011|0.11684313|0.0721839|0.088774145|-0.11898641|-0.13309436|-0.10387042|0.033577994|-0.059272386|-0.059157006|0.10393956|-0.032346297
55;-0.14006118|0.10631027|0.15265658|0.032075956|-0.11026125|0.027834106|0.07931757|0.089025736|-0.003670257|0.07559759|0.06156142|0.11243045|0.10098235|-0.078693874|0.13827369|0.17550915|0.08087622|-0.0065920553|0.06571758|0.05311524|-0.025312206|-0.05149132|0.14328603|0.15338305|0.11058338|0.11058712|0.107434765|0.05827101|0.1416105|0.091294736|-0.04712084|0.101725616|-0.05701551|-0.067254014|-0.098592654|-0.13831621|-0.05773876|-0.087197825|0.05401878|-0.14611828|0.07155001|-0.11340068|0.07552157|0.10266471|0.0852828|0.05080874|-0.07334129|-0.04688678|-0.07592535|0.04428528|0.07520345|0.11413765|-0.11798149|0.12041225|-0.056064934|0.074376315|-0.067837745|0.090958305|-0.07879414|0.116828084|-0.05185542|-0.13845678|0.12814412|-0.1115909|0.08288588|-0.15946159|-0.14439027|0.10211202|-0.07238381|0.09043928|0.10907903|-0.023382537|-0.14748238|0.10515759|-0.14712816|0.110869095|-0.10077162|0.14765699|0.051681727|-0.117109425|0.013911143|0.09744393|0.052729346|0.07299568|-0.08900299|-0.09299169|-0.15084507|0.083002|-0.117984764|0.12210534|0.06558114|0.07046064|-0.12850842|-0.05744329|-0.18936169|-0.022966087|-0.12571914|-0.046982285|0.1454737|-0.053125367
56;-0.047299568|0.08726337|0.119443335|-0.011370905|-0.055881172|0.06700469|0.037135936|0.120977715|0.01679668|0.001654245|0.07705203|0.09872088|0.0872198|-0.048488893|0.07348686|0.041274708|0.12593764|-0.04567824|0.042813998|0.041251443|0.0039317757|-0.04960364|0.10647794|0.042850215|0.072649926|0.1504865|0.105000325|0.03816406|0.14947416|0.13419476|-0.02386275|0.12544227|-0.14739868|-0.021370247|-0.07354977|-0.09690459|-0.05079507|-0.10970615|0.10362439|-0.12542115|0.06098505|-0.11263786|0.06672661|0.017633848|0.007870827|0.043984324|-0.08140461|-0.07172468|-0.08406542|0.050802194|-0.004669722|0.014131319|-0.026968535|0.15094283|-0.12407604|0.13735662|-0.059712302|0.13786754|-0.11638693|0.05430067|-0.093432546|-0.094647|0.108878076|-0.10991213|0.06003786|-0.08897418|-0.1337336|0.100135595|-0.042225756|0.07664274|0.10011092|-0.040670417|-0.09644918|0.07366546|-0.08308523|0.10913428|-0.10313968|0.15010762|0.09175068|-0.12901746|-0.063257635|0.08703139|0.03891681|0.12063156|-0.14604717|-0.045481153|-0.033262137|0.06685566|-0.04082058|0.14877018|0.14754461|-0.010854002|-0.08285648|-0.11134131|-0.14826012|0.08030135|-0.07792776|-0.016073626|0.0545239|-0.0589446
57;-0.05812291|0.04569059|0.087324515|-0.02161643|-0.038232885|0.0837004|0.05263076|0.015629902|0.04133914|0.01661678|0.06655031|0.102321714|0.07728119|-0.11163008|0.11347026|0.10063779|0.040724315|-0.0512358|0.027206197|0.0955094|0.025072109|-0.033119477|0.04124162|0.10686007|0.0065362602|0.05599518|0.010982633|-0.0148913115|0.058188424|0.09676961|-0.032994792|0.038357113|-0.13667378|-0.023777703|-0.04292643|-0.110424116|-0.022287026|-0.02677939|0.09055159|-0.04168549|0.10812725|-0.016413942|0.033415515|0.08342911|0.035784256|0.023357347|-0.035435993|-0.060835727|-0.0661647|0.028060153|0.043287322|0.055907767|-0.02484328|0.14090255|-0.056092847|0.059910186|-0.09598735|0.085884206|-0.14318371|0.073133856|-0.051397566|-0.09016877|0.011814579|-0.10140053|0.029295873|-0.12653059|-0.038087845|0.027263079|-0.0036550388|0.093469106|-0.009909682|-0.032497883|-0.059581127|0.078892425|-0.03203421|0.11560909|-0.049694486|0.06257821|0.07585632|-0.08325653|0.058659464|0.05052934|0.04521782|0.12628758|-0.07315865|-0.098783776|-0.10638639|0.0922858|-0.033249848|0.035408013|0.0813923|0.07168487|-0.14143841|-0.13522339|-0.08294168|0.043019034|-0.049101837|-0.022067841|0.06313337|-0.006450791
58;-0.120316915|0.09825233|0.06967748|0.0071021505|-0.12505007|0.08417086|-0.004635852|0.028907131|0.0024742424|0.03440696|0.076694615|0.10578944|0.11345251|-0.022312433|0.09319803|0.086053364|0.07457484|-0.016555889|0.024055079|0.046071343|-0.048022546|-0.10292055|0.0810962|0.057590924|0.02244516|0.04322106|0.061089683|0.08187598|0.09965504|0.1345715|-0.02149171|0.12622426|-0.0662028|-0.099522695|-0.056574173|-0.111538365|-0.07036185|-0.13790926|0.035766453|-0.10376269|0.04291829|-0.016188785|0.04227639|0.00926796|0.066032335|0.021675423|-0.12450445|-0.05414696|-0.11218423|0.066997014|0.033758894|0.03441789|-0.11113279|0.15483749|-0.066887006|0.146036|-0.096455134|0.05538493|-0.025214527|0.050578613|-0.14767735|-0.07955301|0.046731047|-0.13276914|0.13674103|-0.038808197|-0.13252023|0.05021753|-0.027824134|0.14670616|0.0734836|0.00025636703|-0.045005705|0.047837637|-0.14127298|0.083899796|-0.11519522|0.11928665|0.10833365|-0.15282476|-0.021407837|0.050540328|0.05607678|0.05938901|-0.08186672|-0.0074675456|-0.05909103|0.083448134|-0.012443006|0.13827254|0.07859363|0.06569829|-0.120619096|-0.03433898|-0.14380682|0.012348082|-0.070199765|-0.04878845|0.110323384|-0.076239236
59;-0.114448234|0.13101454|0.076752216|0.03540185|-0.04065263|0.065482825|0.060540654|0.10608841|-0.020034177|0.07963024|0.015127756|0.061718374|0.08099907|-0.04658657|0.049667593|0.10540528|0.06277547|-0.074823014|0.121136084|0.07246831|-0.00057093427|-0.04982117|0.018345937|0.06817647|0.017873969|0.06557104|0.07007714|0.05034777|0.085079655|0.07921989|-0.063657634|0.10413223|-0.15441883|-0.012521237|-0.054275814|-0.11242904|-0.04623531|-0.041118115|0.043475762|-0.041180044|0.07910138|-0.118137985|0.06074702|-0.0054355413|0.0044783913|0.10724181|-0.13602784|-0.058285937|-0.1504464|0.040692486|0.045738023|0.120881066|-0.037011646|0.15120697|0.017161675|0.11448544|-0.04635961|0.050406303|-0.030590575|0.036336243|-0.15508941|-0.10408076|0.063201174|-0.09962067|0.10344372|-0.07372794|-0.13276729|0.041560672|-0.09453302|0.042976994|0.08881898|-0.011871025|-0.14847276|0.038580224|-0.111287735|0.12972814|-0.077675715|0.10322875|0.060384583|-0.14410353|-0.036811616|0.011447653|0.038914282|0.12673989|-0.08687359|-0.0066472515|-0.025481142|0.102843724|-0.047859594|0.0723881|0.03813429|0.002849158|-0.06112623|-0.07761456|-0.106059425|0.050055057|-0.0059498623|0.033676468|0.12724006|-0.076177105
60;-0.03629856|0.044597078|0.0728229|-0.0062003992|-0.14015798|3.2629818e-05|0.018188074|0.124410935|0.057076856|0.052402936|0.05274217|0.08785489|0.024053045|-0.08195148|0.104955725|0.091816634|0.121474706|-0.015361483|0.09939815|0.052481305|0.03377547|-0.07846636|0.10717309|0.08394252|0.058815725|0.13494818|0.018885784|0.026446972|0.04724853|0.08126741|-0.07089408|0.02904614|-0.12535936|-0.07765436|-0.01044308|-0.12992653|-0.013328984|-0.03893937|0.029016145|-0.08744836|0.08604654|-0.085837364|0.066888645|0.038037144|0.06059146|0.075129144|-0.07336628|-0.07294546|-0.052693427|-0.0025239065|0.02472933|0.100557536|-0.09637333|0.13346045|-0.06150557|0.13123009|-0.087057754|0.09205755|-0.057144493|0.048055906|-0.044469092|-0.09257167|0.04870685|-0.13524023|0.114764184|-0.025080666|-0.01958517|0.072125174|-0.06346979|0.07167926|0.03583395|-0.015267197|-0.13211502|0.03698809|-0.03990651|0.0720822|-0.065928474|0.13225235|0.014392298|-0.05676614|-0.0049099056|0.076401055|0.004027948|0.07121231|-0.11845964|-0.08558793|-0.019010767|0.10463581|-0.05860468|0.10508164|0.052689016|0.008323327|-0.11863431|-0.113114625|-0.04039748|0.013557412|-0.0059020966|0.015398138|0.04749456|-0.08144121
61;-0.08087779|0.04893074|0.027333163|0.049429014|-0.08119544|0.08553387|0.07512877|0.12186077|0.020828601|0.09561932|0.107274316|0.07713689|0.11444323|-0.06225285|0.08352074|0.07903667|0.07026345|-0.01010751|0.040534303|0.093044624|-0.025364567|-0.093025185|0.10400942|0.026338838|0.11889173|0.11610316|0.08272751|0.0824828|0.17024717|0.05585934|-0.05728963|0.12351799|-0.08960708|-0.05216077|-0.050070904|-0.09896143|-0.07264073|-0.096596085|0.113571964|-0.036581233|0.0986462|-0.08126286|0.089535095|0.07628762|0.01957884|0.022041623|-0.1321916|-0.055861883|-0.0722832|0.036907095|0.032047555|0.087957665|-0.13567102|0.10191742|-0.073908135|0.03473463|-0.13591564|0.055974342|-0.100362614|0.13025704|-0.13862357|-0.121240295|0.09937893|-0.05747918|0.02946695|-0.06890546|-0.120567724|0.080104515|-0.11197185|0.13104662|-0.02606101|-0.057179183|-0.04171797|0.051185377|-0.14464882|0.09217654|-0.077312365|0.110047534|0.042613555|-0.032777734|0.037003435|0.053415988|0.07550272|0.04419855|-0.06273092|-0.078931436|-0.05892095|0.12756348|-0.060237806|0.047611527|0.08220977|0.06014274|-0.058826063|-0.10639049|-0.10895036|0.088118374|-0.117228046|0.016603854|0.053746358|-0.023361191
62;-0.05896486|0.08675096|0.13946766|0.002985809|-0.13276178|-0.012039106|0.0041302964|0.10001834|-0.021442115|0.032237776|0.0953224|0.1122411|0.0533378|-0.120705724|0.044035602|0.091369726|0.053613193|-0.037499867|0.025895111|0.06204479|-0.086661816|-0.081873775|0.05660951|0.08577626|0.045099|0.044143897|0.047836047|0.014759306|0.13351178|0.05603929|-0.06111915|0.12596561|-0.08351171|-0.05555169|-0.020969491|-0.06265777|-0.07181433|-0.14819421|0.05524393|-0.044603158|0.100573435|-0.051709417|0.10974021|0.05989139|0.021178678|0.09019316|-0.113952465|-0.06294976|-0.14272892|0.13149214|0.12535667|0.075175636|-0.12023712|0.023556612|0.019903935|0.119132034|-0.03633065|0.10093152|-0.07537691|0.076929934|-0.108421594|-0.024991479|0.06993612|-0.106875464|0.023023881|-0.06916707|-0.05959236|0.13470553|-0.110416204|0.034678295|0.029809173|-0.081577316|-0.048993412|0.10017073|-0.053458028|0.058867678|-0.07953768|0.12730105|0.10166688|-0.054900665|-0.04156609|0.10263786|0.10014026|0.13918103|-0.09648429|-0.037129164|-0.048637044|0.06851265|-0.06596388|0.06533528|0.12173369|0.041813783|-0.017511956|-0.11632315|-0.04410781|0.04815133|-0.11088317|0.0010919366|0.14146587|-0.058168728
63;-0.094736114|0.081120744|0.06311425|0.02840273|-0.08973469|0.03675683|0.08513686|0.089382164|0.0074016154|0.05111|0.057201467|0.086249344|0.08520533|-0.061581083|0.12834221|0.130264|0.095340945|-0.029242028|0.114607036|0.03332992|-0.035945624|-0.08674562|0.059143953|0.05335643|0.10562676|0.092380375|0.15021044|0.007434372|0.055769816|0.1419656|-0.090660095|0.14295511|-0.062475342|-0.04616511|-0.015502486|-0.123765245|-0.049526684|-0.07828842|0.09514721|-0.05739562|0.13364863|-0.06325366|0.018250085|0.04046818|0.041684054|0.04867706|-0.06327504|-0.07755846|-0.041633524|0.010274518|0.037327|0.04716002|-0.054040723|0.10681546|-0.0062012114|0.07197116|-0.032197773|0.13726269|-0.112849414|0.08458658|-0.06258794|-0.079667136|0.05546324|-0.09397438|0.08020799|-0.08180046|-0.16042954|0.019026943|-0.032038573|0.11913375|-0.004355781|-0.12841766|-0.048484206|0.10178079|-0.07810912|0.08432543|-0.08901633|0.09492931|0.07795352|-0.08084459|-0.020692503|0.023740364|0.0014667735|0.12981744|-0.16193548|-0.078318134|-0.113181554|0.035367046|-0.068469286|0.086016364|0.15425107|0.014115073|-0.124180295|-0.136403|-0.0639609|0.045046184|-0.07376878|0.0061056484|0.10270736|-0.074478865
64;-0.1355046|0.07776234|0.10723517|0.007939596|-0.021848284|0.061125398|0.0498253|0.0804331|-0.0023322576|0.0059894957|-0.0051289946|0.07346753|0.078304075|-0.11189214|0.050927833|0.09433954|0.104151905|0.011647394|0.1119014|0.07606639|0.0066958442|-0.02467314|0.09780428|0.12110518|0.0051176324|0.026028596|0.03686311|0.04345987|0.08989611|0.10463041|-0.04660693|0.1213748|-0.056953967|-0.08719003|-0.07111639|-0.059175402|-0.10304715|-0.13199764|0.041184835|-0.07300325|0.026170544|-0.092927374|0.0070448145|0.0568894|-0.017600067|0.028657898|-0.10920782|-0.051376432|-0.06171134|0.07358966|0.10698573|0.09066532|-0.1228984|0.091583885|-0.05003809|0.16860381|-0.11238086|0.048452217|-0.1293435|0.09156964|-0.1105826|-0.114147194|0.0598157|-0.084477484|0.11380478|-0.09560397|-0.039980218|0.017722644|-0.09711675|0.115927756|-0.017628409|-0.037002236|-0.043627802|-0.002295576|-0.07073197|0.11879909|0.0055317655|0.11591306|0.07692814|-0.16079442|-0.044567637|0.084468916|-0.0009710826|0.035575915|-0.09596431|-0.047032204|-0.011914201|0.039765544|-0.01589521|0.06730752|0.11661364|0.023901582|-0.14114317|-0.14716135|-0.044065|0.10565005|-0.11581539|0.0074674683|0.10028562|-0.10477817
65;-0.09194683|0.13735612|0.060588922|0.014480572|-0.031420816|0.07346112|0.0263341|0.15473683|0.02995498|0.044354297|0.013535447|0.14144248|0.12089988|-0.09007576|0.041272026|0.08873302|0.119207345|0.015751548|0.10902877|0.14760692|-0.056168064|-0.0128844455|0.048009943|0.098885395|0.102797255|0.037550855|0.08879784|0.053447105|0.15297946|0.054437038|-0.031714395|0.1269626|-0.16951513|-0.018909983|-0.0520451|-0.1304377|-0.10032518|-0.12200239|0.12478108|-0.0559495|0.07630435|-0.01783374|0.034336567|0.08189085|0.02467174|0.012074187|-0.04294603|-0.0539034|-0.07866089|0.047064893|0.03499616|0.10198027|-0.08081058|0.12130897|0.00022757426|0.09222011|-0.14216135|0.12576523|-0.12870368|0.113390535|-0.10596318|-0.10665126|0.10747258|-0.086689964|0.09317927|-0.14086702|-0.074789986|0.116892524|-0.12801357|0.08016065|0.076747715|-0.09744173|-0.1219573|0.09368438|-0.14711733|0.074516796|-0.1344884|0.09849298|0.1062532|-0.17687425|-0.045153618|0.06499009|0.028119804|0.15675938|-0.099032484|-0.08202992|-0.12602007|0.02114309|-0.10138875|0.10096678|0.13251324|0.0975773|-0.0668633|-0.038810365|-0.13446507|0.010197744|-0.046331417|-0.03908886|0.103198804|-0.0686825
66;-0.103931084|0.043528516|0.057663646|-0.012001015|-0.087701716|0.08631829|0.033440072|0.1256851|0.030090632|0.042568184|0.027630042|0.090081826|0.084043555|-0.028548729|0.13197911|0.12920967|0.113098204|0.0008417126|0.09619139|0.07359009|-0.0999737|-0.06525183|0.114291444|0.09755001|0.07273384|0.11890599|0.09669782|0.01621113|0.109623805|0.14229445|-0.07982667|0.12578431|-0.07869308|-0.09148934|-0.020597624|-0.12055974|-0.10367122|-0.09802497|0.11764933|-0.057921644|0.05426654|-0.09942387|0.09159702|0.03673796|0.094871946|0.11257807|-0.13166633|-0.080978416|-0.118246205|0.03236014|0.013161354|0.028756283|-0.09826473|0.08870979|-0.009267291|0.055842206|-0.14116831|0.05939516|-0.042110574|0.05318006|-0.15366742|-0.109441444|0.13103971|-0.06429002|0.02443266|-0.08688837|-0.115282|0.10069236|-0.13209507|0.07781509|0.05018262|0.0032379553|-0.12775753|-0.008328356|-0.07502153|0.038181417|-0.14917922|0.048662283|0.018305745|-0.104405366|-0.053609084|0.071250185|0.08906452|0.12137416|-0.15865439|-0.084520176|-0.11086141|0.10124479|-0.04191755|0.11355038|0.07038805|0.033520106|-0.1354432|-0.10746818|-0.13558576|0.076445825|-0.053298876|-0.062585|0.07085569|-0.034619354
67;-0.0966562|0.047513485|0.11918864|0.026062975|-0.08887095|0.06574189|0.026438665|0.10491973|-0.06817736|0.034627076|0.07893474|0.10191271|0.04988101|-0.019906301|0.09945581|0.09465497|0.036410898|-0.013651046|0.05302616|0.036087878|0.017563228|-0.059108026|0.07806494|0.121843316|0.059753966|0.14680392|0.06649146|0.00020976737|0.13630396|0.13567163|-0.082771674|0.09813978|-0.10506146|-0.08490132|-0.05884264|-0.12938207|-0.08950168|-0.13808833|0.08013675|-0.13375196|0.116302125|-0.10992348|0.120565996|0.06965497|0.08435425|0.026661344|-0.06925498|-0.04958258|-0.09777275|0.08011475|0.067519404|0.061913352|-0.10166504|0.07559691|-0.025648966|0.033165768|-0.15503201|0.03073246|-0.12325904|0.094221205|-0.075539686|-0.05733694|0.09537752|-0.019548528|0.05103819|-0.11045907|-0.041666865|0.065329336|-0.100200266|0.046979476|-0.021058787|-0.04044315|-0.071553975|0.08182373|-0.09604304|0.033992592|-0.09660881|0.03589859|0.04479877|-0.15975988|-0.026325986|0.060019884|-0.00044512376|0.09103105|-0.089444324|-0.07913925|-0.034804158|0.094939336|-0.12128498|0.1098093|0.046280738|0.09804167|-0.06001883|-0.040095586|-0.1251525|0.04767584|-0.109375685|-0.017426554|0.12897393|-0.13371101
68;-0.09598951|0.14851701|0.04382399|0.018902281|-0.10102923|0.07668226|0.08385168|0.072961636|-0.0080980845|0.13163792|0.050327435|0.045210775|0.09936204|-0.03880677|0.11076798|0.1001399|0.13016593|0.04638273|0.12557378|0.050483298|-0.022732724|-0.1182537|0.11941606|0.035894193|0.104958326|0.022304319|0.054856434|0.08064699|0.074648365|0.15083575|-0.057891153|0.12728095|-0.07287093|-0.10228967|-0.11459835|-0.10571792|-0.12606572|-0.108286545|0.13121676|-0.096892856|0.0693363|-0.021020979|0.088550165|0.017676037|0.08131823|0.045426868|-0.12040998|-0.068392634|-0.063920796|0.050268117|0.061171114|0.12143519|-0.078294136|0.16227977|0.01428109|0.10395791|-0.043842718|0.13111922|-0.061028127|0.08467286|-0.14267519|-0.0597132|0.049361385|-0.14069018|0.10876411|-0.05931178|-0.10792977|0.046949126|-0.023009088|0.07391873|0.01003414|-0.097557396|-0.13782313|0.04900576|-0.113082126|0.05045781|-0.04393409|0.16082574|0.06495102|-0.07518404|-0.008646548|0.083900765|0.02764273|0.038519815|-0.086871356|0.0037124716|-0.12038286|0.12750864|-0.098486274|0.100993276|0.096721746|0.032141387|-0.091262445|-0.07696648|-0.13134521|-0.020224735|-0.10386059|0.032504003|0.116101|-0.1233466
69;-0.028681211|0.043360673|0.06301012|0.066109195|-0.099318445|0.047429673|0.01707878|0.07919035|0.02896212|0.082287|0.09847748|0.11228211|0.11474079|-0.059201322|0.12339061|0.11224313|0.12878042|0.07124862|0.077584766|0.09765032|-0.033456735|-0.105920926|0.05048432|0.06786978|0.03737323|0.06840072|0.03964481|0.06521013|0.10086966|0.075454526|-0.032743555|0.10510547|-0.101510964|-0.057623323|-0.06228574|-0.13897362|-0.056126967|-0.14266953|0.09105012|-0.13447891|0.07923448|-0.062713705|0.02006403|0.020719748|0.005150605|0.1234692|-0.07873862|-0.004999079|-0.13168985|0.06856371|0.088894024|0.08303951|-0.09769218|0.0872497|0.0027171858|0.17256041|-0.11615601|0.06666326|-0.11839071|0.080528274|-0.10762486|-0.06827192|0.049498007|-0.11814009|0.0429172|-0.12671624|-0.14373058|0.07435186|-0.052448988|0.06423564|0.019145088|-0.013887048|-0.050585963|0.12597688|-0.09830063|0.07950248|-0.06575829|0.08994064|0.0597404|-0.1206305|0.053791545|0.08514477|0.0065846704|0.051335037|-0.12361941|0.014939077|-0.08926545|0.011516571|-0.12485443|0.14287986|0.046376288|0.07601241|-0.08452636|-0.07715104|-0.057751767|0.006867122|-0.09768195|0.030198172|0.04216173|-0.061936095
70;-0.058935236|0.108910635|0.07518715|0.024649283|-0.06548444|0.08801434|0.011285216|0.088794895|-0.021769866|0.07835094|0.060584586|0.04493381|0.14265683|-0.015462622|0.12034814|0.113418266|0.08267186|-0.039622054|0.08394683|0.025528535|-0.09287235|-0.0016441308|0.12288442|0.12952065|0.0530338|0.059908718|0.11405374|0.058272406|0.085883364|0.06885845|-0.0067692883|0.14241368|-0.054180697|-0.09373029|-0.01663601|-0.04065559|-0.044956774|-0.14492713|0.043450713|-0.084967576|0.08933624|-0.042567898|0.10203035|0.101971254|-0.007215265|0.04880988|-0.052209537|-0.027718952|-0.12988319|0.10754656|0.034468856|0.044485103|-0.10640434|0.0807863|-0.056666434|0.10976901|-0.10361616|0.095954865|-0.0405372|0.051390864|-0.0810031|-0.08626954|0.1422731|-0.020688765|0.09291322|-0.14656352|-0.12292372|0.12621492|-0.116578355|0.027351141|0.05622606|-0.037172332|-0.063329495|0.054292638|-0.15829664|0.10265702|-0.086679265|0.12134758|0.036366954|-0.05998807|0.01900703|0.029795796|0.046425786|0.11321969|-0.09967932|-0.08837997|-0.029854268|0.13079189|-0.0075667948|0.13484225|0.13280268|0.028909957|-0.049494423|-0.12299062|-0.066057414|0.08480299|-0.039194394|0.009927847|0.14079049|-0.081825994
71;-0.053033628|0.08282216|0.12332505|0.093787834|-0.12287857|0.08206381|0.055052977|0.08638065|0.023818394|0.06452878|0.053772397|0.07512548|0.07129441|-0.022571776|0.046492696|0.12430795|0.065857984|-0.044090603|0.036691934|0.124425635|-0.074694365|-0.042664006|0.052582428|0.034126606|0.08415241|0.03446375|0.07501714|0.011313196|0.13271612|0.10180065|-0.0008970909|0.08302377|-0.11448095|-0.03650628|-0.029466758|-0.1221005|-0.12111004|-0.055999354|0.008600399|-0.11094488|0.09372332|-0.12876266|0.089916855|0.08316168|0.033512235|0.063830666|-0.040933922|-0.05136677|-0.07166755|0.03652392|0.07876142|0.040371016|-0.10437319|0.13225022|-0.015451709|0.081219435|-0.0435587|0.041303147|-0.09301566|0.12754428|-0.073522|-0.059478737|0.0647071|-0.017961089|0.083660804|-0.029424757|-0.103330255|0.06005329|-0.0497212|0.066272646|0.08035198|-0.040295184|-0.08459933|0.016029947|-0.059499964|0.08940306|-0.029018454|0.1268938|0.08881648|-0.08055189|-0.033850603|0.0069846027|-0.004774794|0.08075779|-0.054097317|-0.032202236|-0.11604783|0.06395386|-0.10721831|0.03842149|0.11166388|0.044052094|-0.118378244|-0.032802865|-0.07591989|0.07821425|-0.12034376|-0.00021711085|0.04073268|-0.11373584
72;-0.101106934|0.1571974|0.057495903|0.06286444|-0.056661427|0.075761914|0.08128911|0.051049512|-0.015047997|-0.0012226515|0.0930604|0.07427778|0.036710948|-0.0243216|0.008941941|0.09643376|0.07442732|0.053016644|0.042235624|0.0875088|-0.09236048|-0.08787441|0.035982545|0.09467988|0.12203288|0.033544812|0.02155593|0.0898059|0.11495346|0.10059618|-0.049623735|0.1265533|-0.14056121|-0.054545626|-0.02279711|-0.14063275|-0.027435515|-0.030385159|0.06402299|-0.097168356|0.13985981|-0.03651685|0.050603263|0.057491492|0.049191352|0.08300664|-0.123283856|-0.08977499|-0.06838927|0.0021305904|0.0779338|0.03401836|-0.10625143|0.061261985|-0.0330291|0.14536908|-0.06410018|0.03395798|-0.07488948|0.081870005|-0.06495973|-0.0029755756|0.07719558|-0.059961088|0.04129932|-0.09276873|-0.09863272|0.085603684|-0.085183814|0.024294846|0.08090372|-0.025368918|-0.039566744|0.06444451|-0.040950365|0.09957716|-0.1146068|0.08963147|0.09897074|-0.028743513|-0.05346944|0.050913107|0.05620714|0.030650921|-0.05749261|0.0039849617|-0.023551174|0.06294741|-0.12406272|0.13728158|0.087175004|0.008975025|-0.10140641|-0.11205801|-0.07348758|0.031401675|-0.009003431|0.0150415385|0.10520811|-0.027958155
73;-0.08653092|0.081036|0.08913662|0.069079496|-0.086666755|-0.019360691|0.03808229|0.09976521|0.037410434|0.11797583|0.037762694|0.06518858|0.060023267|-0.07516869|0.10550773|0.023924008|0.13239092|-0.01742716|0.13965845|0.04394769|-0.052353088|-0.09444089|0.07009071|0.015838496|0.012858085|0.089224644|0.050354756|0.03267508|0.07392905|0.117419966|-0.011763319|0.09016384|-0.10214261|-0.119766876|-0.08674752|-0.14759946|-0.063559055|-0.13402142|0.120206304|-0.097808294|0.106148705|-0.059801035|0.061380178|0.10678679|0.10141949|0.008472282|-0.10762702|-0.057674758|-0.079550885|0.08729886|0.075827874|0.04930467|-0.12550318|0.10293487|-0.011006637|0.14193913|-0.09659022|0.17290063|-0.08898723|0.06430117|-0.13655359|-0.08775578|0.08947551|-0.10904175|0.033489402|-0.14885122|-0.085765585|0.05165356|-0.06803833|0.06590009|0.090035245|-0.0015567616|-0.1271506|0.08893363|-0.13814929|0.0705363|-0.12589039|0.16179429|0.06658898|-0.12031719|-0.009153045|0.023658093|-0.01955095|0.11166167|-0.11843178|0.016666017|-0.060474895|0.01490137|-0.09350103|0.046045385|0.06756026|0.09963754|-0.10172901|-0.06466745|-0.074914366|0.07691368|-0.033114087|-0.047643997|0.08847546|-0.13613807
74;-0.014027797|0.106687345|0.07389791|-0.008677628|-0.12054525|0.02353893|0.022761937|0.15329176|-0.022620158|0.07589294|0.041016802|0.101901986|0.118183956|-0.07833509|0.033622492|0.06462262|0.03429927|0.042699836|0.10038456|0.039236657|-0.07561375|-0.10919678|0.100556426|0.078525916|0.1008822|0.04788104|0.08560538|0.030319927|0.14072147|0.080061376|-0.056732103|0.08757647|-0.14625031|-0.08224925|-0.05566346|-0.15235938|-0.09532194|-0.143298|0.06942986|-0.04581534|0.058409337|-0.09440546|0.076308735|0.027747702|-0.0052573085|0.07333083|-0.06007199|0.0070955344|-0.09571946|0.08617501|0.087834686|0.0257346|-0.093898855|0.08335965|-0.030794114|0.1240187|-0.07635401|0.082944155|-0.11797791|0.056450367|-0.12872559|-0.03500644|0.100499146|-0.080975614|0.100326054|-0.04282848|-0.11096173|0.10978252|-0.038738538|0.045692995|0.0019301437|-0.036751598|-0.11501609|0.10625019|-0.16134928|0.11484918|-0.10355072|0.13925135|0.11288953|-0.1714165|-0.06947013|0.058601737|0.052824564|0.071789525|-0.12039764|-0.08780641|-0.13522649|0.044929553|-0.023402844|0.1657506|0.08631471|-0.003980711|-0.07881519|-0.13095474|-0.15824111|0.051754493|-0.034885094|-0.05986667|0.1539876|-0.08070171
75;-0.076303415|0.042786293|0.08764148|0.00667613|-0.046504572|0.0027551018|0.05273398|0.11459478|0.021473004|0.11013648|0.11019018|0.10344804|0.072510235|-0.10074528|0.099065304|0.055892695|0.12605838|0.0316467|0.051635638|0.09764719|0.029109947|-0.010872103|0.04662188|0.061981842|0.08239022|0.070659235|0.054464854|0.030034548|0.07233571|0.08333632|-0.0645754|0.09336908|-0.025780581|-0.05919079|-0.04452416|-0.060829|-0.109931305|-0.13808915|0.023012578|-0.07163189|0.13525644|-0.06445632|0.117166154|0.11822303|-0.00051644817|0.055873867|-0.03452238|-0.011322159|-0.10409285|0.10538628|0.06633934|0.10263032|-0.027734604|0.09403399|-0.038534574|0.015445396|-0.02604542|0.11422394|-0.09306678|0.09756504|-0.10153745|-0.056193538|0.08398165|-0.03540145|0.0535684|-0.117847934|-0.07814116|0.076437466|-0.034467265|0.061722904|0.0761942|-0.012856148|-0.045613978|0.039393798|-0.05385146|0.097304784|-0.037385296|0.04533638|0.11573146|-0.15284137|0.02185734|0.024211153|0.07336347|0.12265137|-0.036671907|-0.047384847|-0.103665784|0.0011465847|-0.0704252|0.12832767|0.11262676|-0.0053627007|-0.1103128|-0.1317095|-0.093005106|0.020308442|-0.09522396|0.049046356|0.12610036|-0.02722532
76;-0.09653441|0.1313447|0.038120493|0.029342994|-0.049582373|0.09264666|0.011341499|0.04339885|0.052985143|0.03950141|0.105344884|0.11041825|0.07321458|-0.029393286|0.054578133|0.07869153|0.11805956|0.019928882|0.075461864|0.022223461|-0.030036805|-0.10938119|0.13012078|0.06841772|0.08151119|0.075279534|0.10389731|0.030169498|0.101788916|0.036396902|0.002623506|0.053709492|-0.06279674|-0.09466727|-0.071585484|-0.13526987|-0.04596648|-0.08766919|0.115508765|-0.086078905|0.08801226|-0.06760937|0.06376572|0.04853424|0.10979275|0.04464242|-0.1021463|-0.041041773|-0.1536641|0.06656052|0.025645021|0.048655584|-0.08489928|0.16213506|-0.0022491924|0.055971988|-0.04305295|0.10027008|-0.15967408|0.059268128|-0.14374012|-0.07184204|0.066854104|-0.12440258|0.027423877|-0.13020949|-0.098649144|0.124693155|-0.025233764|0.07239246|-0.021563027|-0.053678486|-0.07963974|0.046063162|-0.08308611|0.013334073|-0.0898057|0.08545144|0.13368157|-0.1579451|0.046073228|0.038551938|0.029553492|0.11027567|-0.06802225|-0.047595497|-0.13660878|0.04054993|-0.074581586|0.05792368|0.118866414|0.08532964|-0.0947589|-0.08856875|-0.09057398|-0.012766518|-0.06955936|0.014882029|0.08752112|-0.05330126
77;-0.07068968|0.04250543|0.07192453|0.04621018|-0.08531915|-0.013826445|0.09208833|0.12839626|-0.009996315|0.09401915|-0.008533217|0.04642242|0.055126593|-0.032980047|0.12657309|0.1297703|0.041635484|0.051784843|0.06392163|0.03995667|0.017721508|-0.012146138|0.067536436|0.09886489|-0.003208287|0.09111345|0.09978305|-0.010400638|0.07806477|0.04974538|-0.0426641|0.110643156|-0.13441321|-0.03713816|-0.030794509|-0.13268742|-0.12233731|-0.091237925|0.025183931|-0.071663976|0.08761024|-0.119616434|0.057573512|0.014236309|0.023849998|0.060097903|-0.10975144|-0.042295832|-0.05911356|0.054990854|0.08802606|0.027146578|-0.10512781|0.09977143|-0.008017346|0.08557239|-0.10966665|0.0764804|-0.0666793|0.0994941|-0.0502537|-0.10326402|0.102870494|-0.11304149|0.038253788|-0.10118621|-0.09810123|0.10712136|-0.051069714|0.049414568|0.097913|-0.07772947|-0.08959789|0.029310979|-0.12885341|0.09493273|-0.053508043|0.054761436|0.050243326|-0.09190369|-0.049474258|-0.017358903|-0.021990404|0.1093666|-0.106630564|-0.010931715|-0.10727133|0.089039534|-0.08914234|0.1172631|0.01367256|0.04303419|-0.09895547|-0.057351146|-0.06614703|0.03064311|-0.11397873|-0.03429805|0.05490089|-0.012494545
78;-0.10123115|0.078148134|0.077837326|0.040944193|-0.14177592|0.093513146|0.08939518|0.16077626|-0.019925479|0.094708845|0.10528995|0.043543477|0.13362189|-0.109580025|0.1392433|0.082362704|0.077617906|-0.024988415|0.034019623|0.093968846|-0.015960457|-0.120072626|0.107816845|0.05349594|0.10030328|0.08638068|0.047016717|-0.013544247|0.09476517|0.044443782|-0.024474217|0.10923279|-0.08131612|-0.07972133|-0.108939126|-0.0995447|-0.112122245|-0.11603859|0.104307055|-0.09829777|0.084061086|-0.12477795|0.022170201|0.09614819|0.06748142|0.13338774|-0.13154511|-0.042047065|-0.083521545|0.08940395|0.1260185|0.08422748|-0.06174726|0.103326716|-0.08182146|0.08606051|-0.16679269|0.053760305|-0.16876602|0.06554652|-0.11879279|-0.039684724|0.11968239|-0.11729005|0.07794501|-0.13139454|-0.10259826|0.045076475|-0.06488304|0.15394709|0.07429363|-0.05465278|-0.14419954|0.045081623|-0.055492554|0.02978146|-0.0497277|0.072661705|0.043469228|-0.14648524|-0.01649902|0.04642064|0.026274223|0.090217985|-0.09110629|-0.06671571|-0.08932219|0.056436703|-0.09414512|0.087515935|0.109051645|0.0655954|-0.048895694|-0.057715714|-0.17611222|0.09282057|-0.08028856|0.053157125|0.097523406|-0.056991763
79;-0.084513105|0.069957405|0.030252576|0.08080079|-0.13208818|-0.009257354|0.03066644|0.0641891|-0.07133804|0.0102304295|0.122004464|0.08932664|0.1446507|-0.12125934|0.039888524|0.14275606|0.12460062|-0.013405238|0.08977169|0.08769348|-0.015659153|-0.023790939|0.049506158|0.10205467|0.044911403|0.07360412|0.01728896|-0.0053514987|0.07164717|0.05015261|0.0070242733|0.041783627|-0.034287535|-0.054222047|-0.015074734|-0.05250934|-0.10423757|-0.12297073|0.15473306|-0.14098483|0.09842602|-0.05527761|0.032147456|0.11451726|0.08182213|0.11268062|-0.10799351|-0.075219594|-0.115413524|0.03852211|0.07849853|0.043934725|-0.11575568|0.10104448|-0.017581202|0.1039004|-0.06333812|0.031607896|-0.073050916|0.082596496|-0.11473666|-0.13224846|0.08776453|-0.055375606|0.055548392|-0.085526586|-0.07523109|0.13267802|-0.08117311|0.085205935|0.014102759|-0.07405627|-0.04683051|0.048813798|-0.08413361|0.09680271|-0.14233297|0.13936143|0.003860779|-0.07955976|0.012442851|0.07917102|0.049024034|0.07330224|-0.07636426|-0.02140243|-0.11785691|0.10027326|-0.07017813|0.079871915|0.031386647|0.02894235|-0.067138195|-0.044949464|-0.14478141|0.03953989|-0.07053599|0.034652002|0.0706269|-0.02215914
80;-0.09138447|0.06552469|0.1151306|0.07103015|-0.05837611|0.030992664|0.010932531|0.05936663|0.050159458|0.11351724|0.016124178|0.0746021|0.08603704|-0.013950966|0.07685946|0.12948227|0.13993382|-0.02549269|0.070581175|0.02748286|-0.00048346817|-0.08866219|0.035569854|0.08082788|0.09061499|0.06750167|0.020246074|0.081654504|0.07355054|0.028689876|-0.051774748|0.10182068|-0.101404816|-0.05554526|-0.043609727|-0.018641576|-0.085759796|-0.03953946|0.0907747|-0.07081514|0.103455305|-0.029361736|0.024696246|0.10235055|0.041325707|0.002014637|-0.027203038|-0.009318233|-0.11473581|0.06246847|0.07650248|0.0372174|-0.1172328|0.14404199|-0.036571875|0.15403982|-0.06492458|0.031294033|-0.10707713|0.11313501|-0.054290656|-0.018536165|0.13466123|-0.025769085|0.0947601|-0.09876532|-0.09814602|0.08422232|-0.05745765|0.0891103|0.07295356|-0.09711301|-0.049159512|0.01261165|-0.055445973|0.018526364|-0.00016888231|0.06844643|0.06320306|-0.14046805|0.01926038|0.082451165|0.06210317|0.09297207|-0.09040765|-0.029380217|-0.052616414|0.014307171|-0.029423784|0.05549744|0.051519763|0.06286773|-0.061100733|-0.12956634|-0.07673491|0.05241043|-0.039927922|-0.03934882|0.050137084|-0.13155824
81;-0.05787731|0.07175796|0.15588845|0.08944415|-0.12681574|-0.019929007|0.049576946|0.085994765|0.016485263|0.027216654|0.09445127|0.11668952|0.111198515|-0.048685044|0.079061925|0.1482562|0.13362285|0.07450465|0.120976865|0.064890176|-0.031253677|-0.07373444|0.11302048|0.1196443|0.08916719|0.079018846|0.063831106|0.08328478|0.087498665|0.07540546|-0.009380527|0.0878171|-0.11338217|-0.09578003|-0.058632936|-0.052612048|-0.037769176|-0.08775259|0.08320462|-0.14318931|0.086347625|-0.117681846|0.0960336|0.09745739|0.050772443|0.07063681|-0.06703459|-0.09370223|-0.14619258|0.07780442|0.07628134|0.07802509|-0.119010255|0.056368332|-0.0034136362|0.07081425|-0.13664767|0.08950381|-0.04325702|0.102184415|-0.100244805|-0.05225566|0.08979716|-0.07896346|0.08825157|-0.116469085|-0.061011635|0.039802387|-0.03874566|0.11056384|0.06928999|-0.058680065|-0.14615259|0.03776418|-0.12117257|0.03691969|-0.06528665|0.06447693|0.11081605|-0.09384227|0.03573305|0.028919712|0.08504133|0.06016723|-0.10702182|-0.057473592|-0.03961322|0.0986782|-0.06260687|0.06963588|0.10009468|0.07822256|-0.047585852|-0.08734499|-0.13747655|-0.01758416|-0.109401375|-0.03048066|0.09317692|-0.050193988
